,region,Year,Month number,Alcohol involvement,DV involvement,Total_population,Aboriginal,Non-Aboriginal,Male,Female,Pop_age_0,Pop_age_10,Pop_age_15,Pop_age_20,Pop_age_25,Pop_age_30,Pop_age_35,Pop_age_40,Pop_age_45,Pop_age_5,Pop_age_50,Pop_age_55,Pop_age_60,Pop_age_65,Pop_age_70,Pop_age_75,Pop_age_80,Pop_age_85plus,Cask Wine PAC,Bottled Wine PAC,Fortified Wine PAC,Cider PAC,Standard Spirits PAC,Mixed Spirits PAC,Full-Strength Beer PAC,Mid-Strength Beer PAC,Low-Strength Beer PAC,Total PAC,Number of offences,assault_rate,sin_month,cos_month,pct_aboriginal,pct_male,pct_youth,pct_senior,alcohol_per_capita,full-strength_beer_pac_per_capita,mid-strength_beer_pac_per_capita,low-strength_beer_pac_per_capita,cask_wine_pac_per_capita,bottled_wine_pac_per_capita,fortified_wine_pac_per_capita,beer_per_capita,wine_per_capita,assault_rate_lag1,assault_rate_lag3
0,Barkly,2024,1,4,4,7471,5344,2127,3779,3692,628,541,568,587,731,691,562,431,404,627,425,384,353,259,131,91,45,13,744,334,3,402,3167,892,4026,2347,9,11925,153,20.47918618658814,0.49999999999999994,0.8660254037844387,0.7152991567393924,0.5058225137197162,0.1545977780752242,0.07214562976843795,1.5961718645428993,0.5388836835764957,0.31414803908445993,0.001204658010975773,0.0995850622406639,0.04470619729621202,0.00040155267032525766,0.8542363806719314,0.14469281220720118,,
1,Barkly,2024,2,5,5,7471,5344,2127,3779,3692,628,541,568,587,731,691,562,431,404,627,425,384,353,259,131,91,45,13,744,334,3,402,3167,892,4026,2347,9,11925,145,19.408379065720787,0.8660254037844386,0.5000000000000001,0.7152991567393924,0.5058225137197162,0.1545977780752242,0.07214562976843795,1.5961718645428993,0.5388836835764957,0.31414803908445993,0.001204658010975773,0.0995850622406639,0.04470619729621202,0.00040155267032525766,0.8542363806719314,0.14469281220720118,20.47918618658814,
2,Barkly,2024,3,2,3,7471,5344,2127,3779,3692,628,541,568,587,731,691,562,431,404,627,425,384,353,259,131,91,45,13,744,334,3,402,3167,892,4026,2347,9,11925,147,19.676080845937623,1.0,6.123233995736766e-17,0.7152991567393924,0.5058225137197162,0.1545977780752242,0.07214562976843795,1.5961718645428993,0.5388836835764957,0.31414803908445993,0.001204658010975773,0.0995850622406639,0.04470619729621202,0.00040155267032525766,0.8542363806719314,0.14469281220720118,19.408379065720787,
3,Barkly,2024,4,4,3,7471,5344,2127,3779,3692,628,541,568,587,731,691,562,431,404,627,425,384,353,259,131,91,45,13,821,414,4,430,3433,1094,3984,2540,3,12725,129,17.26676482398608,0.8660254037844387,-0.4999999999999998,0.7152991567393924,0.5058225137197162,0.1545977780752242,0.07214562976843795,1.7032525766296347,0.5332619461919422,0.3399812608753848,0.00040155267032525766,0.10989158077901218,0.05541426850488556,0.0005354035604336768,0.8736447597376522,0.1658412528443314,19.676080845937623,20.47918618658814
4,Barkly,2024,5,4,4,7471,5344,2127,3779,3692,628,541,568,587,731,691,562,431,404,627,425,384,353,259,131,91,45,13,821,414,4,430,3433,1094,3984,2540,3,12725,163,21.817695087672334,0.49999999999999994,-0.8660254037844387,0.7152991567393924,0.5058225137197162,0.1545977780752242,0.07214562976843795,1.7032525766296347,0.5332619461919422,0.3399812608753848,0.00040155267032525766,0.10989158077901218,0.05541426850488556,0.0005354035604336768,0.8736447597376522,0.1658412528443314,17.26676482398608,19.408379065720787
5,Barkly,2024,6,5,5,7471,5344,2127,3779,3692,628,541,568,587,731,691,562,431,404,627,425,384,353,259,131,91,45,13,821,414,4,430,3433,1094,3984,2540,3,12725,176,23.557756659081782,1.2246467991473532e-16,-1.0,0.7152991567393924,0.5058225137197162,0.1545977780752242,0.07214562976843795,1.7032525766296347,0.5332619461919422,0.3399812608753848,0.00040155267032525766,0.10989158077901218,0.05541426850488556,0.0005354035604336768,0.8736447597376522,0.1658412528443314,21.817695087672334,19.676080845937623
6,Barkly,2024,7,5,5,7471,5344,2127,3779,3692,628,541,568,587,731,691,562,431,404,627,425,384,353,259,131,91,45,13,744,491,3,519,4038,1275,4896,2824,7,14798,179,23.95930932940704,-0.4999999999999997,-0.8660254037844388,0.7152991567393924,0.5058225137197162,0.1545977780752242,0.07214562976843795,1.9807254718243876,0.6553339579708205,0.3779949136661759,0.0009369562307589345,0.0995850622406639,0.06572078704323384,0.00040155267032525766,1.0342658278677552,0.16570740195422298,23.557756659081782,17.26676482398608
7,Barkly,2024,8,6,5,7471,5344,2127,3779,3692,628,541,568,587,731,691,562,431,404,627,425,384,353,259,131,91,45,13,744,491,3,519,4038,1275,4896,2824,7,14798,142,19.006826395395528,-0.8660254037844385,-0.5000000000000004,0.7152991567393924,0.5058225137197162,0.1545977780752242,0.07214562976843795,1.9807254718243876,0.6553339579708205,0.3779949136661759,0.0009369562307589345,0.0995850622406639,0.06572078704323384,0.00040155267032525766,1.0342658278677552,0.16570740195422298,23.95930932940704,21.817695087672334
8,Barkly,2024,9,5,4,7471,5344,2127,3779,3692,628,541,568,587,731,691,562,431,404,627,425,384,353,259,131,91,45,13,744,491,3,519,4038,1275,4896,2824,7,14798,158,21.14844063713024,-1.0,-1.8369701987210297e-16,0.7152991567393924,0.5058225137197162,0.1545977780752242,0.07214562976843795,1.9807254718243876,0.6553339579708205,0.3779949136661759,0.0009369562307589345,0.0995850622406639,0.06572078704323384,0.00040155267032525766,1.0342658278677552,0.16570740195422298,19.006826395395528,23.557756659081782
9,Barkly,2024,10,5,5,7471,5344,2127,3779,3692,628,541,568,587,731,691,562,431,404,627,425,384,353,259,131,91,45,13,678,374,4,614,3512,1277,4568,2516,9,13550,162,21.683844197563914,-0.8660254037844386,0.5000000000000001,0.7152991567393924,0.5058225137197162,0.1545977780752242,0.07214562976843795,1.8136795609690803,0.611430866015259,0.33676883951278275,0.001204658010975773,0.09075090349350823,0.05006023290054879,0.0005354035604336768,0.9494043635390176,0.1413465399544907,21.14844063713024,23.95930932940704
10,Barkly,2024,11,5,4,7471,5344,2127,3779,3692,628,541,568,587,731,691,562,431,404,627,425,384,353,259,131,91,45,13,678,374,4,614,3512,1277,4568,2516,9,13550,174,23.290054878864943,-0.5000000000000004,0.8660254037844384,0.7152991567393924,0.5058225137197162,0.1545977780752242,0.07214562976843795,1.8136795609690803,0.611430866015259,0.33676883951278275,0.001204658010975773,0.09075090349350823,0.05006023290054879,0.0005354035604336768,0.9494043635390176,0.1413465399544907,21.683844197563914,19.006826395395528
11,Barkly,2024,12,4,4,7471,5344,2127,3779,3692,628,541,568,587,731,691,562,431,404,627,425,384,353,259,131,91,45,13,678,374,4,614,3512,1277,4568,2516,9,13550,220,29.44719582385223,-2.4492935982947064e-16,1.0,0.7152991567393924,0.5058225137197162,0.1545977780752242,0.07214562976843795,1.8136795609690803,0.611430866015259,0.33676883951278275,0.001204658010975773,0.09075090349350823,0.05006023290054879,0.0005354035604336768,0.9494043635390176,0.1413465399544907,23.290054878864943,21.14844063713024
12,Barkly,2025,1,4,5,7552,5402,2150,3836,3716,630,551,582,586,731,693,580,444,412,623,417,393,355,262,133,99,47,14,520,264,0,402,2697,755,3415,1879,7,9939,177,23.4375,0.49999999999999994,0.8660254037844387,0.7153072033898306,0.5079449152542372,0.15466101694915255,0.07349046610169492,1.3160752118644068,0.452198093220339,0.2488082627118644,0.000926906779661017,0.06885593220338983,0.034957627118644065,0.0,0.7019332627118644,0.1038135593220339,29.44719582385223,21.683844197563914
13,Barkly,2025,2,5,5,7552,5402,2150,3836,3716,630,551,582,586,731,693,580,444,412,623,417,393,355,262,133,99,47,14,520,264,0,402,2697,755,3415,1879,7,9939,144,19.06779661016949,0.8660254037844386,0.5000000000000001,0.7153072033898306,0.5079449152542372,0.15466101694915255,0.07349046610169492,1.3160752118644068,0.452198093220339,0.2488082627118644,0.000926906779661017,0.06885593220338983,0.034957627118644065,0.0,0.7019332627118644,0.1038135593220339,23.4375,23.290054878864943
14,Barkly,2025,3,5,5,7552,5402,2150,3836,3716,630,551,582,586,731,693,580,444,412,623,417,393,355,262,133,99,47,14,520,264,0,402,2697,755,3415,1879,7,9939,202,26.747881355932204,1.0,6.123233995736766e-17,0.7153072033898306,0.5079449152542372,0.15466101694915255,0.07349046610169492,1.3160752118644068,0.452198093220339,0.2488082627118644,0.000926906779661017,0.06885593220338983,0.034957627118644065,0.0,0.7019332627118644,0.1038135593220339,19.06779661016949,29.44719582385223
15,Barkly,2025,4,4,4,7552,5402,2150,3836,3716,630,551,582,586,731,693,580,444,412,623,417,393,355,262,133,99,47,14,610,446,1,409,3269,933,3874,2104,3,11650,120,15.889830508474576,0.8660254037844387,-0.4999999999999998,0.7153072033898306,0.5079449152542372,0.15466101694915255,0.07349046610169492,1.5426377118644068,0.5129766949152542,0.2786016949152542,0.00039724576271186443,0.08077330508474577,0.05905720338983051,0.00013241525423728814,0.7919756355932204,0.13996292372881355,26.747881355932204,23.4375
16,Barkly,2025,5,5,4,7552,5402,2150,3836,3716,630,551,582,586,731,693,580,444,412,623,417,393,355,262,133,99,47,14,610,446,1,409,3269,933,3874,2104,3,11650,178,23.569915254237287,0.49999999999999994,-0.8660254037844387,0.7153072033898306,0.5079449152542372,0.15466101694915255,0.07349046610169492,1.5426377118644068,0.5129766949152542,0.2786016949152542,0.00039724576271186443,0.08077330508474577,0.05905720338983051,0.00013241525423728814,0.7919756355932204,0.13996292372881355,15.889830508474576,19.06779661016949
17,Barkly,2025,6,3,5,7552,5402,2150,3836,3716,630,551,582,586,731,693,580,444,412,623,417,393,355,262,133,99,47,14,610,446,1,409,3269,933,3874,2104,3,11650,138,18.27330508474576,1.2246467991473532e-16,-1.0,0.7153072033898306,0.5079449152542372,0.15466101694915255,0.07349046610169492,1.5426377118644068,0.5129766949152542,0.2786016949152542,0.00039724576271186443,0.08077330508474577,0.05905720338983051,0.00013241525423728814,0.7919756355932204,0.13996292372881355,23.569915254237287,26.747881355932204
18,Barkly,2025,7,6,5,7552,5402,2150,3836,3716,630,551,582,586,731,693,580,444,412,623,417,393,355,262,133,99,47,14,744,491,3,519,4038,1275,4896,2824,7,14798,151,19.99470338983051,-0.4999999999999997,-0.8660254037844388,0.7153072033898306,0.5079449152542372,0.15466101694915255,0.07349046610169492,1.95948093220339,0.6483050847457628,0.3739406779661017,0.000926906779661017,0.09851694915254237,0.06501588983050847,0.00039724576271186443,1.0231726694915255,0.1639300847457627,18.27330508474576,15.889830508474576
19,Barkly,2025,8,4,3,7552,5402,2150,3836,3716,630,551,582,586,731,693,580,444,412,623,417,393,355,262,133,99,47,14,744,491,3,519,4038,1275,4896,2824,7,14798,173,22.907838983050848,-0.8660254037844385,-0.5000000000000004,0.7153072033898306,0.5079449152542372,0.15466101694915255,0.07349046610169492,1.95948093220339,0.6483050847457628,0.3739406779661017,0.000926906779661017,0.09851694915254237,0.06501588983050847,0.00039724576271186443,1.0231726694915255,0.1639300847457627,19.99470338983051,23.569915254237287
20,Barkly,2025,9,2,3,7552,5402,2150,3836,3716,630,551,582,586,731,693,580,444,412,623,417,393,355,262,133,99,47,14,744,491,3,519,4038,1275,4896,2824,7,14798,217,28.734110169491526,-1.0,-1.8369701987210297e-16,0.7153072033898306,0.5079449152542372,0.15466101694915255,0.07349046610169492,1.95948093220339,0.6483050847457628,0.3739406779661017,0.000926906779661017,0.09851694915254237,0.06501588983050847,0.00039724576271186443,1.0231726694915255,0.1639300847457627,22.907838983050848,18.27330508474576
21,Barkly,2025,10,4,3,7552,5402,2150,3836,3716,630,551,582,586,731,693,580,444,412,623,417,393,355,262,133,99,47,14,678,374,4,614,3512,1277,4568,2516,9,13550,209,27.674788135593218,-0.8660254037844386,0.5000000000000001,0.7153072033898306,0.5079449152542372,0.15466101694915255,0.07349046610169492,1.7942266949152543,0.6048728813559322,0.3331567796610169,0.0011917372881355933,0.08977754237288135,0.04952330508474576,0.0005296610169491525,0.9392213983050848,0.13983050847457626,28.734110169491526,19.99470338983051
22,Barkly,2025,11,4,3,7552,5402,2150,3836,3716,630,551,582,586,731,693,580,444,412,623,417,393,355,262,133,99,47,14,678,374,4,614,3512,1277,4568,2516,9,13550,158,20.921610169491526,-0.5000000000000004,0.8660254037844384,0.7153072033898306,0.5079449152542372,0.15466101694915255,0.07349046610169492,1.7942266949152543,0.6048728813559322,0.3331567796610169,0.0011917372881355933,0.08977754237288135,0.04952330508474576,0.0005296610169491525,0.9392213983050848,0.13983050847457626,27.674788135593218,22.907838983050848
23,Barkly,2025,12,4,3,7552,5402,2150,3836,3716,630,551,582,586,731,693,580,444,412,623,417,393,355,262,133,99,47,14,678,374,4,614,3512,1277,4568,2516,9,13550,141,18.670550847457626,-2.4492935982947064e-16,1.0,0.7153072033898306,0.5079449152542372,0.15466101694915255,0.07349046610169492,1.7942266949152543,0.6048728813559322,0.3331567796610169,0.0011917372881355933,0.08977754237288135,0.04952330508474576,0.0005296610169491525,0.9392213983050848,0.13983050847457626,20.921610169491526,28.734110169491526
24,Big Rivers,2024,1,6,5,22753,13068,9685,11648,11105,1626,1766,1641,2046,2117,2194,1800,1399,1201,1721,1356,1112,963,716,511,313,173,98,63,2027,20,858,7822,3713,9911,6867,288,31569,363,15.953940139761789,0.49999999999999994,0.8660254037844387,0.5743418450314244,0.5119324924185822,0.16204456555179536,0.07959389970553334,1.3874653891794488,0.43559091108864767,0.30180635520590693,0.012657671515844064,0.0027688656440908893,0.08908715334241639,0.00087900496637806,0.7500549378103987,0.09273502395288534,,
25,Big Rivers,2024,2,5,4,22753,13068,9685,11648,11105,1626,1766,1641,2046,2117,2194,1800,1399,1201,1721,1356,1112,963,716,511,313,173,98,63,2027,20,858,7822,3713,9911,6867,288,31569,252,11.075462576363558,0.8660254037844386,0.5000000000000001,0.5743418450314244,0.5119324924185822,0.16204456555179536,0.07959389970553334,1.3874653891794488,0.43559091108864767,0.30180635520590693,0.012657671515844064,0.0027688656440908893,0.08908715334241639,0.00087900496637806,0.7500549378103987,0.09273502395288534,15.953940139761789,
26,Big Rivers,2024,3,5,4,22753,13068,9685,11648,11105,1626,1766,1641,2046,2117,2194,1800,1399,1201,1721,1356,1112,963,716,511,313,173,98,63,2027,20,858,7822,3713,9911,6867,288,31569,232,10.196457609985497,1.0,6.123233995736766e-17,0.5743418450314244,0.5119324924185822,0.16204456555179536,0.07959389970553334,1.3874653891794488,0.43559091108864767,0.30180635520590693,0.012657671515844064,0.0027688656440908893,0.08908715334241639,0.00087900496637806,0.7500549378103987,0.09273502395288534,11.075462576363558,
27,Big Rivers,2024,4,6,5,22753,13068,9685,11648,11105,1626,1766,1641,2046,2117,2194,1800,1399,1201,1721,1356,1112,963,716,511,313,173,98,186,4170,38,1262,11768,5133,12138,10323,312,45331,269,11.822616797784907,0.8660254037844387,-0.4999999999999998,0.5743418450314244,0.5119324924185822,0.16204456555179536,0.07959389970553334,1.992308706544192,0.5334681140948446,0.45369841339603567,0.013712477475497737,0.008174746187315958,0.18327253548982553,0.0016701094361183141,1.000879004966378,0.1931173911132598,10.196457609985497,15.953940139761789
28,Big Rivers,2024,5,5,5,22753,13068,9685,11648,11105,1626,1766,1641,2046,2117,2194,1800,1399,1201,1721,1356,1112,963,716,511,313,173,98,186,4170,38,1262,11768,5133,12138,10323,312,45331,363,15.953940139761789,0.49999999999999994,-0.8660254037844387,0.5743418450314244,0.5119324924185822,0.16204456555179536,0.07959389970553334,1.992308706544192,0.5334681140948446,0.45369841339603567,0.013712477475497737,0.008174746187315958,0.18327253548982553,0.0016701094361183141,1.000879004966378,0.1931173911132598,11.822616797784907,11.075462576363558
29,Big Rivers,2024,6,5,4,22753,13068,9685,11648,11105,1626,1766,1641,2046,2117,2194,1800,1399,1201,1721,1356,1112,963,716,511,313,173,98,186,4170,38,1262,11768,5133,12138,10323,312,45331,363,15.953940139761789,1.2246467991473532e-16,-1.0,0.5743418450314244,0.5119324924185822,0.16204456555179536,0.07959389970553334,1.992308706544192,0.5334681140948446,0.45369841339603567,0.013712477475497737,0.008174746187315958,0.18327253548982553,0.0016701094361183141,1.000879004966378,0.1931173911132598,15.953940139761789,10.196457609985497
30,Big Rivers,2024,7,6,5,22753,13068,9685,11648,11105,1626,1766,1641,2046,2117,2194,1800,1399,1201,1721,1356,1112,963,716,511,313,173,98,248,4953,87,1376,12867,5934,14550,11840,304,52159,314,13.800377972135543,-0.4999999999999997,-0.8660254037844388,0.5743418450314244,0.5119324924185822,0.16204456555179536,0.07959389970553334,2.2924010020656618,0.6394761130400387,0.5203709400958115,0.013360875488946513,0.010899661583087944,0.21768557992352658,0.003823671603744561,1.1732079286247967,0.23240891311035908,15.953940139761789,11.822616797784907
31,Big Rivers,2024,8,5,5,22753,13068,9685,11648,11105,1626,1766,1641,2046,2117,2194,1800,1399,1201,1721,1356,1112,963,716,511,313,173,98,248,4953,87,1376,12867,5934,14550,11840,304,52159,358,15.734188898167277,-0.8660254037844385,-0.5000000000000004,0.5743418450314244,0.5119324924185822,0.16204456555179536,0.07959389970553334,2.2924010020656618,0.6394761130400387,0.5203709400958115,0.013360875488946513,0.010899661583087944,0.21768557992352658,0.003823671603744561,1.1732079286247967,0.23240891311035908,13.800377972135543,15.953940139761789
32,Big Rivers,2024,9,4,4,22753,13068,9685,11648,11105,1626,1766,1641,2046,2117,2194,1800,1399,1201,1721,1356,1112,963,716,511,313,173,98,248,4953,87,1376,12867,5934,14550,11840,304,52159,298,13.097173999033094,-1.0,-1.8369701987210297e-16,0.5743418450314244,0.5119324924185822,0.16204456555179536,0.07959389970553334,2.2924010020656618,0.6394761130400387,0.5203709400958115,0.013360875488946513,0.010899661583087944,0.21768557992352658,0.003823671603744561,1.1732079286247967,0.23240891311035908,15.734188898167277,15.953940139761789
33,Big Rivers,2024,10,6,6,22753,13068,9685,11648,11105,1626,1766,1641,2046,2117,2194,1800,1399,1201,1721,1356,1112,963,716,511,313,173,98,106,2816,76,1072,11825,4813,13080,9707,273,43769,316,13.888278468773349,-0.8660254037844386,0.5000000000000001,0.5743418450314244,0.5119324924185822,0.16204456555179536,0.07959389970553334,1.9236584186700656,0.5748692480112513,0.42662506043159143,0.01199841779106052,0.004658726321803718,0.12376389926603085,0.0033402188722366282,1.0134927262339033,0.1317628444600712,13.097173999033094,13.800377972135543
34,Big Rivers,2024,11,5,5,22753,13068,9685,11648,11105,1626,1766,1641,2046,2117,2194,1800,1399,1201,1721,1356,1112,963,716,511,313,173,98,106,2816,76,1072,11825,4813,13080,9707,273,43769,299,13.141124247351996,-0.5000000000000004,0.8660254037844384,0.5743418450314244,0.5119324924185822,0.16204456555179536,0.07959389970553334,1.9236584186700656,0.5748692480112513,0.42662506043159143,0.01199841779106052,0.004658726321803718,0.12376389926603085,0.0033402188722366282,1.0134927262339033,0.1317628444600712,13.888278468773349,15.734188898167277
35,Big Rivers,2024,12,5,3,22753,13068,9685,11648,11105,1626,1766,1641,2046,2117,2194,1800,1399,1201,1721,1356,1112,963,716,511,313,173,98,106,2816,76,1072,11825,4813,13080,9707,273,43769,340,14.94308442842702,-2.4492935982947064e-16,1.0,0.5743418450314244,0.5119324924185822,0.16204456555179536,0.07959389970553334,1.9236584186700656,0.5748692480112513,0.42662506043159143,0.01199841779106052,0.004658726321803718,0.12376389926603085,0.0033402188722366282,1.0134927262339033,0.1317628444600712,13.141124247351996,13.097173999033094
36,Big Rivers,2025,1,5,5,23035,13218,9817,11844,11191,1628,1795,1685,2045,2114,2198,1860,1444,1225,1715,1331,1141,969,727,522,342,181,113,105,2301,15,803,9279,3560,10313,7796,215,34386,317,13.76166702843499,0.49999999999999994,0.8660254037844387,0.5738224441067941,0.5141740829172997,0.16192750162795747,0.08183199479053614,1.4927718688951594,0.44771000651182985,0.33844150206207946,0.009333622747992185,0.0045582808769264165,0.09989146950293032,0.0006511829824180595,0.7954851313219015,0.1051009333622748,14.94308442842702,13.888278468773349
37,Big Rivers,2025,2,4,5,23035,13218,9817,11844,11191,1628,1795,1685,2045,2114,2198,1860,1444,1225,1715,1331,1141,969,727,522,342,181,113,105,2301,15,803,9279,3560,10313,7796,215,34386,246,10.679400911656176,0.8660254037844386,0.5000000000000001,0.5738224441067941,0.5141740829172997,0.16192750162795747,0.08183199479053614,1.4927718688951594,0.44771000651182985,0.33844150206207946,0.009333622747992185,0.0045582808769264165,0.09989146950293032,0.0006511829824180595,0.7954851313219015,0.1051009333622748,13.76166702843499,13.141124247351996
38,Big Rivers,2025,3,6,5,23035,13218,9817,11844,11191,1628,1795,1685,2045,2114,2198,1860,1444,1225,1715,1331,1141,969,727,522,342,181,113,105,2301,15,803,9279,3560,10313,7796,215,34386,326,14.152376817885827,1.0,6.123233995736766e-17,0.5738224441067941,0.5141740829172997,0.16192750162795747,0.08183199479053614,1.4927718688951594,0.44771000651182985,0.33844150206207946,0.009333622747992185,0.0045582808769264165,0.09989146950293032,0.0006511829824180595,0.7954851313219015,0.1051009333622748,10.679400911656176,14.94308442842702
39,Big Rivers,2025,4,4,5,23035,13218,9817,11844,11191,1628,1795,1685,2045,2114,2198,1860,1444,1225,1715,1331,1141,969,727,522,342,181,113,518,5706,79,1249,13302,4972,11233,10241,270,47570,407,17.668764922943346,0.8660254037844387,-0.4999999999999998,0.5738224441067941,0.5141740829172997,0.16192750162795747,0.08183199479053614,2.065118298241806,0.48764922943347083,0.4445843281962231,0.01172129368352507,0.022487518992836988,0.2477100065118298,0.00342956370740178,0.943954851313219,0.2736270892120686,14.152376817885827,13.76166702843499
40,Big Rivers,2025,5,6,5,23035,13218,9817,11844,11191,1628,1795,1685,2045,2114,2198,1860,1444,1225,1715,1331,1141,969,727,522,342,181,113,518,5706,79,1249,13302,4972,11233,10241,270,47570,317,13.76166702843499,0.49999999999999994,-0.8660254037844387,0.5738224441067941,0.5141740829172997,0.16192750162795747,0.08183199479053614,2.065118298241806,0.48764922943347083,0.4445843281962231,0.01172129368352507,0.022487518992836988,0.2477100065118298,0.00342956370740178,0.943954851313219,0.2736270892120686,17.668764922943346,10.679400911656176
41,Big Rivers,2025,6,4,4,23035,13218,9817,11844,11191,1628,1795,1685,2045,2114,2198,1860,1444,1225,1715,1331,1141,969,727,522,342,181,113,518,5706,79,1249,13302,4972,11233,10241,270,47570,322,13.978728022574343,1.2246467991473532e-16,-1.0,0.5738224441067941,0.5141740829172997,0.16192750162795747,0.08183199479053614,2.065118298241806,0.48764922943347083,0.4445843281962231,0.01172129368352507,0.022487518992836988,0.2477100065118298,0.00342956370740178,0.943954851313219,0.2736270892120686,13.76166702843499,14.152376817885827
42,Big Rivers,2025,7,6,5,23035,13218,9817,11844,11191,1628,1795,1685,2045,2114,2198,1860,1444,1225,1715,1331,1141,969,727,522,342,181,113,248,4953,87,1376,12867,5934,14550,11840,304,52159,295,12.806598654221837,-0.4999999999999997,-0.8660254037844388,0.5738224441067941,0.5141740829172997,0.16192750162795747,0.08183199479053614,2.2643368786629043,0.6316474929455177,0.5140004341219883,0.013197308443672673,0.010766225309311917,0.21502062079444323,0.003776861298024745,1.1588452355111787,0.2295637074017799,13.978728022574343,17.668764922943346
43,Big Rivers,2025,8,4,4,23035,13218,9817,11844,11191,1628,1795,1685,2045,2114,2198,1860,1444,1225,1715,1331,1141,969,727,522,342,181,113,248,4953,87,1376,12867,5934,14550,11840,304,52159,303,13.1538962448448,-0.8660254037844385,-0.5000000000000004,0.5738224441067941,0.5141740829172997,0.16192750162795747,0.08183199479053614,2.2643368786629043,0.6316474929455177,0.5140004341219883,0.013197308443672673,0.010766225309311917,0.21502062079444323,0.003776861298024745,1.1588452355111787,0.2295637074017799,12.806598654221837,13.76166702843499
44,Big Rivers,2025,9,5,5,23035,13218,9817,11844,11191,1628,1795,1685,2045,2114,2198,1860,1444,1225,1715,1331,1141,969,727,522,342,181,113,248,4953,87,1376,12867,5934,14550,11840,304,52159,326,14.152376817885827,-1.0,-1.8369701987210297e-16,0.5738224441067941,0.5141740829172997,0.16192750162795747,0.08183199479053614,2.2643368786629043,0.6316474929455177,0.5140004341219883,0.013197308443672673,0.010766225309311917,0.21502062079444323,0.003776861298024745,1.1588452355111787,0.2295637074017799,13.1538962448448,13.978728022574343
45,Big Rivers,2025,10,5,5,23035,13218,9817,11844,11191,1628,1795,1685,2045,2114,2198,1860,1444,1225,1715,1331,1141,969,727,522,342,181,113,106,2816,76,1072,11825,4813,13080,9707,273,43769,319,13.848491426090732,-0.8660254037844386,0.5000000000000001,0.5738224441067941,0.5141740829172997,0.16192750162795747,0.08183199479053614,1.9001085304970697,0.5678315606685479,0.42140221402214023,0.011851530280008682,0.004601693075754287,0.12224875189928369,0.003299327110918168,1.0010853049706967,0.13014977208595616,14.152376817885827,12.806598654221837
46,Big Rivers,2025,11,4,4,23035,13218,9817,11844,11191,1628,1795,1685,2045,2114,2198,1860,1444,1225,1715,1331,1141,969,727,522,342,181,113,106,2816,76,1072,11825,4813,13080,9707,273,43769,275,11.938354677664424,-0.5000000000000004,0.8660254037844384,0.5738224441067941,0.5141740829172997,0.16192750162795747,0.08183199479053614,1.9001085304970697,0.5678315606685479,0.42140221402214023,0.011851530280008682,0.004601693075754287,0.12224875189928369,0.003299327110918168,1.0010853049706967,0.13014977208595616,13.848491426090732,13.1538962448448
47,Big Rivers,2025,12,3,3,23035,13218,9817,11844,11191,1628,1795,1685,2045,2114,2198,1860,1444,1225,1715,1331,1141,969,727,522,342,181,113,106,2816,76,1072,11825,4813,13080,9707,273,43769,302,13.11048404601693,-2.4492935982947064e-16,1.0,0.5738224441067941,0.5141740829172997,0.16192750162795747,0.08183199479053614,1.9001085304970697,0.5678315606685479,0.42140221402214023,0.011851530280008682,0.004601693075754287,0.12224875189928369,0.003299327110918168,1.0010853049706967,0.13014977208595616,11.938354677664424,14.152376817885827
48,Central Australia,2024,1,5,5,41404,17255,24149,20472,20932,2858,2788,2491,2720,3845,4262,3641,3020,2504,2808,2475,2322,2047,1473,913,569,411,257,10,6641,45,1757,14921,6989,18295,10165,247,59069,984,23.765819727562555,0.49999999999999994,0.8660254037844387,0.416747174186069,0.49444498116124047,0.12585740508163462,0.08750362283837311,1.4266495990725534,0.44186552023959036,0.245507680417351,0.005965607187711332,0.00024152255820693652,0.16039513090522656,0.0010868515119312144,0.6933388078446527,0.1617235049753647,,
49,Central Australia,2024,2,6,5,41404,17255,24149,20472,20932,2858,2788,2491,2720,3845,4262,3641,3020,2504,2808,2475,2322,2047,1473,913,569,411,257,10,6641,45,1757,14921,6989,18295,10165,247,59069,616,14.87778958554729,0.8660254037844386,0.5000000000000001,0.416747174186069,0.49444498116124047,0.12585740508163462,0.08750362283837311,1.4266495990725534,0.44186552023959036,0.245507680417351,0.005965607187711332,0.00024152255820693652,0.16039513090522656,0.0010868515119312144,0.6933388078446527,0.1617235049753647,23.765819727562555,
50,Central Australia,2024,3,5,4,41404,17255,24149,20472,20932,2858,2788,2491,2720,3845,4262,3641,3020,2504,2808,2475,2322,2047,1473,913,569,411,257,10,6641,45,1757,14921,6989,18295,10165,247,59069,684,16.520142981354457,1.0,6.123233995736766e-17,0.416747174186069,0.49444498116124047,0.12585740508163462,0.08750362283837311,1.4266495990725534,0.44186552023959036,0.245507680417351,0.005965607187711332,0.00024152255820693652,0.16039513090522656,0.0010868515119312144,0.6933388078446527,0.1617235049753647,14.87778958554729,
51,Central Australia,2024,4,5,4,41404,17255,24149,20472,20932,2858,2788,2491,2720,3845,4262,3641,3020,2504,2808,2475,2322,2047,1473,913,569,411,257,18,10117,113,2100,18685,8384,21246,11451,225,72339,661,15.964641097478506,0.8660254037844387,-0.4999999999999998,0.416747174186069,0.49444498116124047,0.12585740508163462,0.08750362283837311,1.7471500338131583,0.5131388271664573,0.276567481402763,0.005434257559656072,0.00043474060477248575,0.24434837213795768,0.0027292049077383826,0.7951405661288764,0.24751231765046855,16.520142981354457,23.765819727562555
52,Central Australia,2024,5,6,5,41404,17255,24149,20472,20932,2858,2788,2491,2720,3845,4262,3641,3020,2504,2808,2475,2322,2047,1473,913,569,411,257,18,10117,113,2100,18685,8384,21246,11451,225,72339,779,18.814607284320356,0.49999999999999994,-0.8660254037844387,0.416747174186069,0.49444498116124047,0.12585740508163462,0.08750362283837311,1.7471500338131583,0.5131388271664573,0.276567481402763,0.005434257559656072,0.00043474060477248575,0.24434837213795768,0.0027292049077383826,0.7951405661288764,0.24751231765046855,15.964641097478506,14.87778958554729
53,Central Australia,2024,6,5,4,41404,17255,24149,20472,20932,2858,2788,2491,2720,3845,4262,3641,3020,2504,2808,2475,2322,2047,1473,913,569,411,257,18,10117,113,2100,18685,8384,21246,11451,225,72339,686,16.568447492995844,1.2246467991473532e-16,-1.0,0.416747174186069,0.49444498116124047,0.12585740508163462,0.08750362283837311,1.7471500338131583,0.5131388271664573,0.276567481402763,0.005434257559656072,0.00043474060477248575,0.24434837213795768,0.0027292049077383826,0.7951405661288764,0.24751231765046855,18.814607284320356,16.520142981354457
54,Central Australia,2024,7,6,6,41404,17255,24149,20472,20932,2858,2788,2491,2720,3845,4262,3641,3020,2504,2808,2475,2322,2047,1473,913,569,411,257,37,10850,132,2310,21845,9245,21808,12485,315,79028,862,20.81924451743793,-0.4999999999999997,-0.8660254037844388,0.416747174186069,0.49444498116124047,0.12585740508163462,0.08750362283837311,1.908704472997778,0.5267123949376872,0.30154091392136023,0.0076079605835185,0.0008936334653656652,0.26205197565452615,0.003188097768331562,0.8358612694425659,0.26613370688822335,16.568447492995844,15.964641097478506
55,Central Australia,2024,8,5,5,41404,17255,24149,20472,20932,2858,2788,2491,2720,3845,4262,3641,3020,2504,2808,2475,2322,2047,1473,913,569,411,257,37,10850,132,2310,21845,9245,21808,12485,315,79028,1018,24.586996425466136,-0.8660254037844385,-0.5000000000000004,0.416747174186069,0.49444498116124047,0.12585740508163462,0.08750362283837311,1.908704472997778,0.5267123949376872,0.30154091392136023,0.0076079605835185,0.0008936334653656652,0.26205197565452615,0.003188097768331562,0.8358612694425659,0.26613370688822335,20.81924451743793,18.814607284320356
56,Central Australia,2024,9,5,5,41404,17255,24149,20472,20932,2858,2788,2491,2720,3845,4262,3641,3020,2504,2808,2475,2322,2047,1473,913,569,411,257,37,10850,132,2310,21845,9245,21808,12485,315,79028,946,22.848034006376196,-1.0,-1.8369701987210297e-16,0.416747174186069,0.49444498116124047,0.12585740508163462,0.08750362283837311,1.908704472997778,0.5267123949376872,0.30154091392136023,0.0076079605835185,0.0008936334653656652,0.26205197565452615,0.003188097768331562,0.8358612694425659,0.26613370688822335,24.586996425466136,16.568447492995844
57,Central Australia,2024,10,6,5,41404,17255,24149,20472,20932,2858,2788,2491,2720,3845,4262,3641,3020,2504,2808,2475,2322,2047,1473,913,569,411,257,32,8872,54,2288,20434,8787,19934,11753,289,72443,794,19.17689112163076,-0.8660254037844386,0.5000000000000001,0.416747174186069,0.49444498116124047,0.12585740508163462,0.08750362283837311,1.7496618684185103,0.4814510675297073,0.2838614626606125,0.006980001932180466,0.0007728721862621969,0.21427881364119408,0.0013042218143174572,0.7722925321225003,0.21635590764177373,22.848034006376196,20.81924451743793
58,Central Australia,2024,11,6,5,41404,17255,24149,20472,20932,2858,2788,2491,2720,3845,4262,3641,3020,2504,2808,2475,2322,2047,1473,913,569,411,257,32,8872,54,2288,20434,8787,19934,11753,289,72443,1060,25.601391169935273,-0.5000000000000004,0.8660254037844384,0.416747174186069,0.49444498116124047,0.12585740508163462,0.08750362283837311,1.7496618684185103,0.4814510675297073,0.2838614626606125,0.006980001932180466,0.0007728721862621969,0.21427881364119408,0.0013042218143174572,0.7722925321225003,0.21635590764177373,19.17689112163076,24.586996425466136
59,Central Australia,2024,12,6,6,41404,17255,24149,20472,20932,2858,2788,2491,2720,3845,4262,3641,3020,2504,2808,2475,2322,2047,1473,913,569,411,257,32,8872,54,2288,20434,8787,19934,11753,289,72443,991,23.93488551830741,-2.4492935982947064e-16,1.0,0.416747174186069,0.49444498116124047,0.12585740508163462,0.08750362283837311,1.7496618684185103,0.4814510675297073,0.2838614626606125,0.006980001932180466,0.0007728721862621969,0.21427881364119408,0.0013042218143174572,0.7722925321225003,0.21635590764177373,25.601391169935273,22.848034006376196
60,Central Australia,2025,1,6,6,41956,17474,24482,20816,21140,2865,2832,2557,2719,3837,4274,3771,3119,2551,2793,2429,2381,2061,1495,932,623,429,288,34,6822,49,1694,14471,6207,16664,9297,295,55533,659,15.706931070645437,0.49999999999999994,0.8660254037844387,0.4164839355515302,0.49613881208885496,0.1257507865382782,0.0897845361807608,1.3236009152445418,0.3971779959958051,0.2215892840118219,0.007031175517208504,0.0008103727714748784,0.1625989131471065,0.001167890170654972,0.6257984555248356,0.16457717608923633,23.93488551830741,19.17689112163076
61,Central Australia,2025,2,5,5,41956,17474,24482,20816,21140,2865,2832,2557,2719,3837,4274,3771,3119,2551,2793,2429,2381,2061,1495,932,623,429,288,34,6822,49,1694,14471,6207,16664,9297,295,55533,611,14.562875393269138,0.8660254037844386,0.5000000000000001,0.4164839355515302,0.49613881208885496,0.1257507865382782,0.0897845361807608,1.3236009152445418,0.3971779959958051,0.2215892840118219,0.007031175517208504,0.0008103727714748784,0.1625989131471065,0.001167890170654972,0.6257984555248356,0.16457717608923633,15.706931070645437,25.601391169935273
62,Central Australia,2025,3,6,5,41956,17474,24482,20816,21140,2865,2832,2557,2719,3837,4274,3771,3119,2551,2793,2429,2381,2061,1495,932,623,429,288,34,6822,49,1694,14471,6207,16664,9297,295,55533,728,17.35151110687387,1.0,6.123233995736766e-17,0.4164839355515302,0.49613881208885496,0.1257507865382782,0.0897845361807608,1.3236009152445418,0.3971779959958051,0.2215892840118219,0.007031175517208504,0.0008103727714748784,0.1625989131471065,0.001167890170654972,0.6257984555248356,0.16457717608923633,14.562875393269138,23.93488551830741
63,Central Australia,2025,4,6,5,41956,17474,24482,20816,21140,2865,2832,2557,2719,3837,4274,3771,3119,2551,2793,2429,2381,2061,1495,932,623,429,288,60,9477,155,1810,18631,8569,20636,11414,285,71037,677,16.13595194966155,0.8660254037844387,-0.4999999999999998,0.4164839355515302,0.49613881208885496,0.1257507865382782,0.0897845361807608,1.6931308990370866,0.49184860329869384,0.27204690628277245,0.006792830584421775,0.0014300695967203738,0.22587949280198302,0.0036943464581942987,0.770688340165888,0.2310039088568977,17.35151110687387,15.706931070645437
64,Central Australia,2025,5,5,4,41956,17474,24482,20816,21140,2865,2832,2557,2719,3837,4274,3771,3119,2551,2793,2429,2381,2061,1495,932,623,429,288,60,9477,155,1810,18631,8569,20636,11414,285,71037,740,17.637525026217943,0.49999999999999994,-0.8660254037844387,0.4164839355515302,0.49613881208885496,0.1257507865382782,0.0897845361807608,1.6931308990370866,0.49184860329869384,0.27204690628277245,0.006792830584421775,0.0014300695967203738,0.22587949280198302,0.0036943464581942987,0.770688340165888,0.2310039088568977,16.13595194966155,14.562875393269138
65,Central Australia,2025,6,6,6,41956,17474,24482,20816,21140,2865,2832,2557,2719,3837,4274,3771,3119,2551,2793,2429,2381,2061,1495,932,623,429,288,60,9477,155,1810,18631,8569,20636,11414,285,71037,637,15.182572218514634,1.2246467991473532e-16,-1.0,0.4164839355515302,0.49613881208885496,0.1257507865382782,0.0897845361807608,1.6931308990370866,0.49184860329869384,0.27204690628277245,0.006792830584421775,0.0014300695967203738,0.22587949280198302,0.0036943464581942987,0.770688340165888,0.2310039088568977,17.637525026217943,17.35151110687387
66,Central Australia,2025,7,6,6,41956,17474,24482,20816,21140,2865,2832,2557,2719,3837,4274,3771,3119,2551,2793,2429,2381,2061,1495,932,623,429,288,37,10850,132,2310,21845,9245,21808,12485,315,79028,784,18.68624273047955,-0.4999999999999997,-0.8660254037844388,0.4164839355515302,0.49613881208885496,0.1257507865382782,0.0897845361807608,1.8835923348269616,0.5197826294212985,0.2975736485842311,0.007507865382781962,0.0008818762513108971,0.25860425207360094,0.0031461531127848223,0.8248641433883116,0.2626322814376966,15.182572218514634,16.13595194966155
67,Central Australia,2025,8,6,5,41956,17474,24482,20816,21140,2865,2832,2557,2719,3837,4274,3771,3119,2551,2793,2429,2381,2061,1495,932,623,429,288,37,10850,132,2310,21845,9245,21808,12485,315,79028,565,13.466488702450185,-0.8660254037844385,-0.5000000000000004,0.4164839355515302,0.49613881208885496,0.1257507865382782,0.0897845361807608,1.8835923348269616,0.5197826294212985,0.2975736485842311,0.007507865382781962,0.0008818762513108971,0.25860425207360094,0.0031461531127848223,0.8248641433883116,0.2626322814376966,18.68624273047955,17.637525026217943
68,Central Australia,2025,9,6,5,41956,17474,24482,20816,21140,2865,2832,2557,2719,3837,4274,3771,3119,2551,2793,2429,2381,2061,1495,932,623,429,288,37,10850,132,2310,21845,9245,21808,12485,315,79028,565,13.466488702450185,-1.0,-1.8369701987210297e-16,0.4164839355515302,0.49613881208885496,0.1257507865382782,0.0897845361807608,1.8835923348269616,0.5197826294212985,0.2975736485842311,0.007507865382781962,0.0008818762513108971,0.25860425207360094,0.0031461531127848223,0.8248641433883116,0.2626322814376966,13.466488702450185,15.182572218514634
69,Central Australia,2025,10,6,5,41956,17474,24482,20816,21140,2865,2832,2557,2719,3837,4274,3771,3119,2551,2793,2429,2381,2061,1495,932,623,429,288,32,8872,54,2288,20434,8787,19934,11753,289,72443,607,14.467537420154446,-0.8660254037844386,0.5000000000000001,0.4164839355515302,0.49613881208885496,0.1257507865382782,0.0897845361807608,1.7266421965869005,0.4751167890170655,0.2801267995042425,0.006888168557536467,0.0007627037849175327,0.21145962436838592,0.0012870626370483365,0.7621317570788445,0.2135093907903518,13.466488702450185,18.68624273047955
70,Central Australia,2025,11,6,5,41956,17474,24482,20816,21140,2865,2832,2557,2719,3837,4274,3771,3119,2551,2793,2429,2381,2061,1495,932,623,429,288,32,8872,54,2288,20434,8787,19934,11753,289,72443,649,15.468586137858708,-0.5000000000000004,0.8660254037844384,0.4164839355515302,0.49613881208885496,0.1257507865382782,0.0897845361807608,1.7266421965869005,0.4751167890170655,0.2801267995042425,0.006888168557536467,0.0007627037849175327,0.21145962436838592,0.0012870626370483365,0.7621317570788445,0.2135093907903518,14.467537420154446,13.466488702450185
71,Central Australia,2025,12,6,6,41956,17474,24482,20816,21140,2865,2832,2557,2719,3837,4274,3771,3119,2551,2793,2429,2381,2061,1495,932,623,429,288,32,8872,54,2288,20434,8787,19934,11753,289,72443,575,13.704833635236914,-2.4492935982947064e-16,1.0,0.4164839355515302,0.49613881208885496,0.1257507865382782,0.0897845361807608,1.7266421965869005,0.4751167890170655,0.2801267995042425,0.006888168557536467,0.0007627037849175327,0.21145962436838592,0.0012870626370483365,0.7621317570788445,0.2135093907903518,15.468586137858708,13.466488702450185
72,East Arnhem,2024,1,4,5,15176,10563,4613,7640,7536,1113,1268,1377,1309,1287,1448,1423,1154,943,1234,803,700,532,312,154,77,29,13,14,1007,29,238,2153,1434,3463,1586,56,9980,166,10.938323668950977,0.49999999999999994,0.8660254037844387,0.6960332103321033,0.503426462836057,0.17698998418555614,0.03854770690564049,0.6576172904586188,0.22818924617817607,0.10450711649973643,0.0036900369003690036,0.0009225092250922509,0.06635477069056404,0.0019109119662625198,0.3363863995782815,0.06918819188191883,,
73,East Arnhem,2024,2,4,4,15176,10563,4613,7640,7536,1113,1268,1377,1309,1287,1448,1423,1154,943,1234,803,700,532,312,154,77,29,13,14,1007,29,238,2153,1434,3463,1586,56,9980,126,8.302583025830259,0.8660254037844386,0.5000000000000001,0.6960332103321033,0.503426462836057,0.17698998418555614,0.03854770690564049,0.6576172904586188,0.22818924617817607,0.10450711649973643,0.0036900369003690036,0.0009225092250922509,0.06635477069056404,0.0019109119662625198,0.3363863995782815,0.06918819188191883,10.938323668950977,
74,East Arnhem,2024,3,2,3,15176,10563,4613,7640,7536,1113,1268,1377,1309,1287,1448,1423,1154,943,1234,803,700,532,312,154,77,29,13,14,1007,29,238,2153,1434,3463,1586,56,9980,138,9.093305218766472,1.0,6.123233995736766e-17,0.6960332103321033,0.503426462836057,0.17698998418555614,0.03854770690564049,0.6576172904586188,0.22818924617817607,0.10450711649973643,0.0036900369003690036,0.0009225092250922509,0.06635477069056404,0.0019109119662625198,0.3363863995782815,0.06918819188191883,8.302583025830259,
75,East Arnhem,2024,4,3,3,15176,10563,4613,7640,7536,1113,1268,1377,1309,1287,1448,1423,1154,943,1234,803,700,532,312,154,77,29,13,67,1499,48,378,2787,1826,4397,2519,60,13581,156,10.279388508170795,0.8660254037844387,-0.4999999999999998,0.6960332103321033,0.503426462836057,0.17698998418555614,0.03854770690564049,0.8948998418555614,0.2897337901950448,0.16598576700052714,0.003953610964681075,0.0044148655772272005,0.09877438060094887,0.0031628887717448603,0.45967316816025305,0.10635213494992093,9.093305218766472,10.938323668950977
76,East Arnhem,2024,5,3,4,15176,10563,4613,7640,7536,1113,1268,1377,1309,1287,1448,1423,1154,943,1234,803,700,532,312,154,77,29,13,67,1499,48,378,2787,1826,4397,2519,60,13581,95,6.259884027411703,0.49999999999999994,-0.8660254037844387,0.6960332103321033,0.503426462836057,0.17698998418555614,0.03854770690564049,0.8948998418555614,0.2897337901950448,0.16598576700052714,0.003953610964681075,0.0044148655772272005,0.09877438060094887,0.0031628887717448603,0.45967316816025305,0.10635213494992093,10.279388508170795,8.302583025830259
77,East Arnhem,2024,6,3,3,15176,10563,4613,7640,7536,1113,1268,1377,1309,1287,1448,1423,1154,943,1234,803,700,532,312,154,77,29,13,67,1499,48,378,2787,1826,4397,2519,60,13581,126,8.302583025830259,1.2246467991473532e-16,-1.0,0.6960332103321033,0.503426462836057,0.17698998418555614,0.03854770690564049,0.8948998418555614,0.2897337901950448,0.16598576700052714,0.003953610964681075,0.0044148655772272005,0.09877438060094887,0.0031628887717448603,0.45967316816025305,0.10635213494992093,6.259884027411703,9.093305218766472
78,East Arnhem,2024,7,2,3,15176,10563,4613,7640,7536,1113,1268,1377,1309,1287,1448,1423,1154,943,1234,803,700,532,312,154,77,29,13,41,1939,51,419,2834,1970,5347,2967,68,15637,140,9.22509225092251,-0.4999999999999997,-0.8660254037844388,0.6960332103321033,0.503426462836057,0.17698998418555614,0.03854770690564049,1.0303769109119663,0.35233263046916186,0.1955060622034792,0.0044807590933052185,0.002701634159198735,0.12776752767527674,0.003360569319978914,0.5523194517659462,0.1338297311544544,8.302583025830259,10.279388508170795
79,East Arnhem,2024,8,2,3,15176,10563,4613,7640,7536,1113,1268,1377,1309,1287,1448,1423,1154,943,1234,803,700,532,312,154,77,29,13,41,1939,51,419,2834,1970,5347,2967,68,15637,154,10.14760147601476,-0.8660254037844385,-0.5000000000000004,0.6960332103321033,0.503426462836057,0.17698998418555614,0.03854770690564049,1.0303769109119663,0.35233263046916186,0.1955060622034792,0.0044807590933052185,0.002701634159198735,0.12776752767527674,0.003360569319978914,0.5523194517659462,0.1338297311544544,9.22509225092251,6.259884027411703
80,East Arnhem,2024,9,2,3,15176,10563,4613,7640,7536,1113,1268,1377,1309,1287,1448,1423,1154,943,1234,803,700,532,312,154,77,29,13,41,1939,51,419,2834,1970,5347,2967,68,15637,133,8.763837638376383,-1.0,-1.8369701987210297e-16,0.6960332103321033,0.503426462836057,0.17698998418555614,0.03854770690564049,1.0303769109119663,0.35233263046916186,0.1955060622034792,0.0044807590933052185,0.002701634159198735,0.12776752767527674,0.003360569319978914,0.5523194517659462,0.1338297311544544,10.14760147601476,8.302583025830259
81,East Arnhem,2024,10,3,4,15176,10563,4613,7640,7536,1113,1268,1377,1309,1287,1448,1423,1154,943,1234,803,700,532,312,154,77,29,13,33,1191,26,363,3129,2002,4335,2628,79,13786,99,6.523458091723775,-0.8660254037844386,0.5000000000000001,0.6960332103321033,0.503426462836057,0.17698998418555614,0.03854770690564049,0.9084080126515551,0.2856483921982077,0.1731681602530311,0.005205587770163416,0.0021744860305745912,0.07847917764891935,0.001713231418028466,0.4640221402214022,0.0823668950975224,8.763837638376383,9.22509225092251
82,East Arnhem,2024,11,4,4,15176,10563,4613,7640,7536,1113,1268,1377,1309,1287,1448,1423,1154,943,1234,803,700,532,312,154,77,29,13,33,1191,26,363,3129,2002,4335,2628,79,13786,138,9.093305218766472,-0.5000000000000004,0.8660254037844384,0.6960332103321033,0.503426462836057,0.17698998418555614,0.03854770690564049,0.9084080126515551,0.2856483921982077,0.1731681602530311,0.005205587770163416,0.0021744860305745912,0.07847917764891935,0.001713231418028466,0.4640221402214022,0.0823668950975224,6.523458091723775,10.14760147601476
83,East Arnhem,2024,12,3,4,15176,10563,4613,7640,7536,1113,1268,1377,1309,1287,1448,1423,1154,943,1234,803,700,532,312,154,77,29,13,33,1191,26,363,3129,2002,4335,2628,79,13786,117,7.709541381128097,-2.4492935982947064e-16,1.0,0.6960332103321033,0.503426462836057,0.17698998418555614,0.03854770690564049,0.9084080126515551,0.2856483921982077,0.1731681602530311,0.005205587770163416,0.0021744860305745912,0.07847917764891935,0.001713231418028466,0.4640221402214022,0.0823668950975224,9.093305218766472,8.763837638376383
84,East Arnhem,2025,1,3,4,15353,10684,4669,7754,7599,1113,1286,1417,1309,1284,1452,1471,1191,959,1225,789,719,534,317,157,86,31,13,6,1101,44,291,1839,1070,3179,1787,60,9376,166,10.812219110271608,0.49999999999999994,0.8660254037844387,0.6958900540610955,0.5050478733797955,0.17755487526867714,0.0393408454373738,0.6106949781801603,0.20706050934670747,0.11639419006057448,0.003908031003712629,0.00039080310037126296,0.07171236891812675,0.002865889402722595,0.3273627304109946,0.0749690614212206,7.709541381128097,6.523458091723775
85,East Arnhem,2025,2,2,4,15353,10684,4669,7754,7599,1113,1286,1417,1309,1284,1452,1471,1191,959,1225,789,719,534,317,157,86,31,13,6,1101,44,291,1839,1070,3179,1787,60,9376,145,9.444408258972187,0.8660254037844386,0.5000000000000001,0.6958900540610955,0.5050478733797955,0.17755487526867714,0.0393408454373738,0.6106949781801603,0.20706050934670747,0.11639419006057448,0.003908031003712629,0.00039080310037126296,0.07171236891812675,0.002865889402722595,0.3273627304109946,0.0749690614212206,10.812219110271608,9.093305218766472
86,East Arnhem,2025,3,3,4,15353,10684,4669,7754,7599,1113,1286,1417,1309,1284,1452,1471,1191,959,1225,789,719,534,317,157,86,31,13,6,1101,44,291,1839,1070,3179,1787,60,9376,165,10.747085260209731,1.0,6.123233995736766e-17,0.6958900540610955,0.5050478733797955,0.17755487526867714,0.0393408454373738,0.6106949781801603,0.20706050934670747,0.11639419006057448,0.003908031003712629,0.00039080310037126296,0.07171236891812675,0.002865889402722595,0.3273627304109946,0.0749690614212206,9.444408258972187,7.709541381128097
87,East Arnhem,2025,4,3,3,15353,10684,4669,7754,7599,1113,1286,1417,1309,1284,1452,1471,1191,959,1225,789,719,534,317,157,86,31,13,30,1347,36,361,2173,1736,4135,2218,41,12077,155,10.09574675959096,0.8660254037844387,-0.4999999999999998,0.6958900540610955,0.5050478733797955,0.17755487526867714,0.0393408454373738,0.7866215071972904,0.269328470005862,0.14446687943724354,0.0026704878525369634,0.0019540155018563147,0.08773529603334854,0.0023448186022275775,0.41646583729564257,0.09203413013743242,10.747085260209731,10.812219110271608
88,East Arnhem,2025,5,4,3,15353,10684,4669,7754,7599,1113,1286,1417,1309,1284,1452,1471,1191,959,1225,789,719,534,317,157,86,31,13,30,1347,36,361,2173,1736,4135,2218,41,12077,124,8.076597407672768,0.49999999999999994,-0.8660254037844387,0.6958900540610955,0.5050478733797955,0.17755487526867714,0.0393408454373738,0.7866215071972904,0.269328470005862,0.14446687943724354,0.0026704878525369634,0.0019540155018563147,0.08773529603334854,0.0023448186022275775,0.41646583729564257,0.09203413013743242,10.09574675959096,9.444408258972187
89,East Arnhem,2025,6,2,4,15353,10684,4669,7754,7599,1113,1286,1417,1309,1284,1452,1471,1191,959,1225,789,719,534,317,157,86,31,13,30,1347,36,361,2173,1736,4135,2218,41,12077,70,4.559369504331401,1.2246467991473532e-16,-1.0,0.6958900540610955,0.5050478733797955,0.17755487526867714,0.0393408454373738,0.7866215071972904,0.269328470005862,0.14446687943724354,0.0026704878525369634,0.0019540155018563147,0.08773529603334854,0.0023448186022275775,0.41646583729564257,0.09203413013743242,8.076597407672768,10.747085260209731
90,East Arnhem,2025,7,1,3,15353,10684,4669,7754,7599,1113,1286,1417,1309,1284,1452,1471,1191,959,1225,789,719,534,317,157,86,31,13,41,1939,51,419,2834,1970,5347,2967,68,15637,87,5.666644955383313,-0.4999999999999997,-0.8660254037844388,0.6958900540610955,0.5050478733797955,0.17755487526867714,0.0393408454373738,1.0184980134175732,0.34827069628085716,0.19325213313358952,0.004429101804207647,0.0026704878525369634,0.1262945352699798,0.003321826353155735,0.5459519312186544,0.1322868494756725,4.559369504331401,10.09574675959096
91,East Arnhem,2025,8,3,4,15353,10684,4669,7754,7599,1113,1286,1417,1309,1284,1452,1471,1191,959,1225,789,719,534,317,157,86,31,13,41,1939,51,419,2834,1970,5347,2967,68,15637,97,6.317983456002084,-0.8660254037844385,-0.5000000000000004,0.6958900540610955,0.5050478733797955,0.17755487526867714,0.0393408454373738,1.0184980134175732,0.34827069628085716,0.19325213313358952,0.004429101804207647,0.0026704878525369634,0.1262945352699798,0.003321826353155735,0.5459519312186544,0.1322868494756725,5.666644955383313,8.076597407672768
92,East Arnhem,2025,9,4,2,15353,10684,4669,7754,7599,1113,1286,1417,1309,1284,1452,1471,1191,959,1225,789,719,534,317,157,86,31,13,41,1939,51,419,2834,1970,5347,2967,68,15637,102,6.64365270631147,-1.0,-1.8369701987210297e-16,0.6958900540610955,0.5050478733797955,0.17755487526867714,0.0393408454373738,1.0184980134175732,0.34827069628085716,0.19325213313358952,0.004429101804207647,0.0026704878525369634,0.1262945352699798,0.003321826353155735,0.5459519312186544,0.1322868494756725,6.317983456002084,4.559369504331401
93,East Arnhem,2025,10,4,4,15353,10684,4669,7754,7599,1113,1286,1417,1309,1284,1452,1471,1191,959,1225,789,719,534,317,157,86,31,13,33,1191,26,363,3129,2002,4335,2628,79,13786,119,7.750928157363382,-0.8660254037844386,0.5000000000000001,0.6958900540610955,0.5050478733797955,0.17755487526867714,0.0393408454373738,0.8979352569530384,0.2823552400182375,0.17117175796261316,0.005145574154888296,0.002149417052041946,0.0775744154236957,0.001693480101608806,0.4586725721357389,0.08141731257734644,6.64365270631147,5.666644955383313
94,East Arnhem,2025,11,4,4,15353,10684,4669,7754,7599,1113,1286,1417,1309,1284,1452,1471,1191,959,1225,789,719,534,317,157,86,31,13,33,1191,26,363,3129,2002,4335,2628,79,13786,146,9.509542109034065,-0.5000000000000004,0.8660254037844384,0.6958900540610955,0.5050478733797955,0.17755487526867714,0.0393408454373738,0.8979352569530384,0.2823552400182375,0.17117175796261316,0.005145574154888296,0.002149417052041946,0.0775744154236957,0.001693480101608806,0.4586725721357389,0.08141731257734644,7.750928157363382,6.317983456002084
95,East Arnhem,2025,12,5,4,15353,10684,4669,7754,7599,1113,1286,1417,1309,1284,1452,1471,1191,959,1225,789,719,534,317,157,86,31,13,33,1191,26,363,3129,2002,4335,2628,79,13786,111,7.229857356868365,-2.4492935982947064e-16,1.0,0.6958900540610955,0.5050478733797955,0.17755487526867714,0.0393408454373738,0.8979352569530384,0.2823552400182375,0.17117175796261316,0.005145574154888296,0.002149417052041946,0.0775744154236957,0.001693480101608806,0.4586725721357389,0.08141731257734644,9.509542109034065,6.64365270631147
96,Greater Darwin,2024,1,6,5,155832,20336,135496,81073,74759,10096,9831,8315,10454,14285,15440,13585,11784,9891,10248,9553,8431,7368,5895,4712,3199,1662,1083,5961,44222,633,6928,54917,26966,71388,45569,1941,258525,1389,8.913445248729401,0.49999999999999994,0.8660254037844387,0.13049951229529236,0.5202589968684224,0.12044381128394681,0.10621053442168489,1.6589981518558448,0.45810873248113354,0.2924238923969403,0.01245572154628061,0.03825273371322963,0.28377996817085066,0.004062066841213615,0.7629883464243544,0.3260947687252939,,
97,Greater Darwin,2024,2,6,5,155832,20336,135496,81073,74759,10096,9831,8315,10454,14285,15440,13585,11784,9891,10248,9553,8431,7368,5895,4712,3199,1662,1083,5961,44222,633,6928,54917,26966,71388,45569,1941,258525,1322,8.483495045946917,0.8660254037844386,0.5000000000000001,0.13049951229529236,0.5202589968684224,0.12044381128394681,0.10621053442168489,1.6589981518558448,0.45810873248113354,0.2924238923969403,0.01245572154628061,0.03825273371322963,0.28377996817085066,0.004062066841213615,0.7629883464243544,0.3260947687252939,8.913445248729401,
98,Greater Darwin,2024,3,6,6,155832,20336,135496,81073,74759,10096,9831,8315,10454,14285,15440,13585,11784,9891,10248,9553,8431,7368,5895,4712,3199,1662,1083,5961,44222,633,6928,54917,26966,71388,45569,1941,258525,1298,8.329483033009907,1.0,6.123233995736766e-17,0.13049951229529236,0.5202589968684224,0.12044381128394681,0.10621053442168489,1.6589981518558448,0.45810873248113354,0.2924238923969403,0.01245572154628061,0.03825273371322963,0.28377996817085066,0.004062066841213615,0.7629883464243544,0.3260947687252939,8.483495045946917,
99,Greater Darwin,2024,4,6,6,155832,20336,135496,81073,74759,10096,9831,8315,10454,14285,15440,13585,11784,9891,10248,9553,8431,7368,5895,4712,3199,1662,1083,6979,55441,753,9159,69198,34979,91579,57975,2151,328214,1141,7.3219877817136405,0.8660254037844387,-0.4999999999999998,0.13049951229529236,0.5202589968684224,0.12044381128394681,0.10621053442168489,2.106204117254479,0.5876777555315982,0.3720352687509626,0.01380332665947944,0.0447854099286411,0.3557741670516967,0.00483212690589866,0.9735163509420401,0.40539170388623647,8.329483033009907,8.913445248729401
100,Greater Darwin,2024,5,5,5,155832,20336,135496,81073,74759,10096,9831,8315,10454,14285,15440,13585,11784,9891,10248,9553,8431,7368,5895,4712,3199,1662,1083,6979,55441,753,9159,69198,34979,91579,57975,2151,328214,1196,7.674931978027619,0.49999999999999994,-0.8660254037844387,0.13049951229529236,0.5202589968684224,0.12044381128394681,0.10621053442168489,2.106204117254479,0.5876777555315982,0.3720352687509626,0.01380332665947944,0.0447854099286411,0.3557741670516967,0.00483212690589866,0.9735163509420401,0.40539170388623647,7.3219877817136405,8.483495045946917
101,Greater Darwin,2024,6,6,6,155832,20336,135496,81073,74759,10096,9831,8315,10454,14285,15440,13585,11784,9891,10248,9553,8431,7368,5895,4712,3199,1662,1083,6979,55441,753,9159,69198,34979,91579,57975,2151,328214,1095,7.026798090251039,1.2246467991473532e-16,-1.0,0.13049951229529236,0.5202589968684224,0.12044381128394681,0.10621053442168489,2.106204117254479,0.5876777555315982,0.3720352687509626,0.01380332665947944,0.0447854099286411,0.3557741670516967,0.00483212690589866,0.9735163509420401,0.40539170388623647,7.674931978027619,8.329483033009907
102,Greater Darwin,2024,7,6,5,155832,20336,135496,81073,74759,10096,9831,8315,10454,14285,15440,13585,11784,9891,10248,9553,8431,7368,5895,4712,3199,1662,1083,7442,61966,1446,9119,77654,38319,97072,66450,2341,361809,1113,7.142307099953797,-0.4999999999999997,-0.8660254037844388,0.13049951229529236,0.5202589968684224,0.12044381128394681,0.10621053442168489,2.321788849530263,0.6229272549925561,0.42642076081934394,0.015022588428564094,0.04775655834488424,0.39764618306894606,0.009279223779454797,1.0643706042404641,0.4546819651932851,7.026798090251039,7.3219877817136405
103,Greater Darwin,2024,8,6,6,155832,20336,135496,81073,74759,10096,9831,8315,10454,14285,15440,13585,11784,9891,10248,9553,8431,7368,5895,4712,3199,1662,1083,7442,61966,1446,9119,77654,38319,97072,66450,2341,361809,1123,7.206478772010883,-0.8660254037844385,-0.5000000000000004,0.13049951229529236,0.5202589968684224,0.12044381128394681,0.10621053442168489,2.321788849530263,0.6229272549925561,0.42642076081934394,0.015022588428564094,0.04775655834488424,0.39764618306894606,0.009279223779454797,1.0643706042404641,0.4546819651932851,7.142307099953797,7.674931978027619
104,Greater Darwin,2024,9,6,6,155832,20336,135496,81073,74759,10096,9831,8315,10454,14285,15440,13585,11784,9891,10248,9553,8431,7368,5895,4712,3199,1662,1083,7442,61966,1446,9119,77654,38319,97072,66450,2341,361809,1232,7.905949997433133,-1.0,-1.8369701987210297e-16,0.13049951229529236,0.5202589968684224,0.12044381128394681,0.10621053442168489,2.321788849530263,0.6229272549925561,0.42642076081934394,0.015022588428564094,0.04775655834488424,0.39764618306894606,0.009279223779454797,1.0643706042404641,0.4546819651932851,7.206478772010883,7.026798090251039
105,Greater Darwin,2024,10,6,5,155832,20336,135496,81073,74759,10096,9831,8315,10454,14285,15440,13585,11784,9891,10248,9553,8431,7368,5895,4712,3199,1662,1083,6730,48108,1427,7869,74190,34359,79527,57662,2084,311956,1287,8.258894193747112,-0.8660254037844386,0.5000000000000001,0.13049951229529236,0.5202589968684224,0.12044381128394681,0.10621053442168489,2.001873812824067,0.5103380563683967,0.37002669541557576,0.013373376456696956,0.043187535294419634,0.30871707993223474,0.009157297602546332,0.8937381282406694,0.3610619128292007,7.905949997433133,7.142307099953797
106,Greater Darwin,2024,11,6,5,155832,20336,135496,81073,74759,10096,9831,8315,10454,14285,15440,13585,11784,9891,10248,9553,8431,7368,5895,4712,3199,1662,1083,6730,48108,1427,7869,74190,34359,79527,57662,2084,311956,1238,7.9444530006673855,-0.5000000000000004,0.8660254037844384,0.13049951229529236,0.5202589968684224,0.12044381128394681,0.10621053442168489,2.001873812824067,0.5103380563683967,0.37002669541557576,0.013373376456696956,0.043187535294419634,0.30871707993223474,0.009157297602546332,0.8937381282406694,0.3610619128292007,8.258894193747112,7.206478772010883
107,Greater Darwin,2024,12,5,4,155832,20336,135496,81073,74759,10096,9831,8315,10454,14285,15440,13585,11784,9891,10248,9553,8431,7368,5895,4712,3199,1662,1083,6730,48108,1427,7869,74190,34359,79527,57662,2084,311956,1240,7.957287335078804,-2.4492935982947064e-16,1.0,0.13049951229529236,0.5202589968684224,0.12044381128394681,0.10621053442168489,2.001873812824067,0.5103380563683967,0.37002669541557576,0.013373376456696956,0.043187535294419634,0.30871707993223474,0.009157297602546332,0.8937381282406694,0.3610619128292007,7.9444530006673855,7.905949997433133
108,Greater Darwin,2025,1,5,5,158054,20577,137477,82499,75555,10116,9985,8539,10467,14274,15472,14062,12169,10075,10196,9384,8646,7421,5988,4802,3503,1738,1217,6977,40828,906,6384,51953,25363,66004,47409,1879,247704,1253,7.92767028990092,0.49999999999999994,0.8660254037844387,0.13018968200741518,0.5219671757753679,0.12025004112518506,0.1091272603034406,1.5672112062965822,0.41760410998772574,0.2999544459488529,0.011888341959077278,0.044143140951826594,0.2583167778101155,0.0057322181026737695,0.7294468978956559,0.3081921368646159,7.957287335078804,8.258894193747112
109,Greater Darwin,2025,2,6,5,158054,20577,137477,82499,75555,10116,9985,8539,10467,14274,15472,14062,12169,10075,10196,9384,8646,7421,5988,4802,3503,1738,1217,6977,40828,906,6384,51953,25363,66004,47409,1879,247704,1183,7.484783681526567,0.8660254037844386,0.5000000000000001,0.13018968200741518,0.5219671757753679,0.12025004112518506,0.1091272603034406,1.5672112062965822,0.41760410998772574,0.2999544459488529,0.011888341959077278,0.044143140951826594,0.2583167778101155,0.0057322181026737695,0.7294468978956559,0.3081921368646159,7.92767028990092,7.9444530006673855
110,Greater Darwin,2025,3,6,6,158054,20577,137477,82499,75555,10116,9985,8539,10467,14274,15472,14062,12169,10075,10196,9384,8646,7421,5988,4802,3503,1738,1217,6977,40828,906,6384,51953,25363,66004,47409,1879,247704,1233,7.801131258936819,1.0,6.123233995736766e-17,0.13018968200741518,0.5219671757753679,0.12025004112518506,0.1091272603034406,1.5672112062965822,0.41760410998772574,0.2999544459488529,0.011888341959077278,0.044143140951826594,0.2583167778101155,0.0057322181026737695,0.7294468978956559,0.3081921368646159,7.484783681526567,7.957287335078804
111,Greater Darwin,2025,4,6,6,158054,20577,137477,82499,75555,10116,9985,8539,10467,14274,15472,14062,12169,10075,10196,9384,8646,7421,5988,4802,3503,1738,1217,8706,49047,1582,7541,63141,31359,79637,57761,1935,300710,1192,7.541726245460412,0.8660254037844387,-0.4999999999999998,0.13018968200741518,0.5219671757753679,0.12025004112518506,0.1091272603034406,1.9025776000607388,0.5038594404444051,0.36545104837587156,0.01224265124577676,0.055082440178673114,0.3103179925848128,0.01000923734926038,0.8815531400660533,0.3754096701127463,7.801131258936819,7.92767028990092
112,Greater Darwin,2025,5,6,6,158054,20577,137477,82499,75555,10116,9985,8539,10467,14274,15472,14062,12169,10075,10196,9384,8646,7421,5988,4802,3503,1738,1217,8706,49047,1582,7541,63141,31359,79637,57761,1935,300710,1290,8.161767497184506,0.49999999999999994,-0.8660254037844387,0.13018968200741518,0.5219671757753679,0.12025004112518506,0.1091272603034406,1.9025776000607388,0.5038594404444051,0.36545104837587156,0.01224265124577676,0.055082440178673114,0.3103179925848128,0.01000923734926038,0.8815531400660533,0.3754096701127463,7.541726245460412,7.484783681526567
113,Greater Darwin,2025,6,6,5,158054,20577,137477,82499,75555,10116,9985,8539,10467,14274,15472,14062,12169,10075,10196,9384,8646,7421,5988,4802,3503,1738,1217,8706,49047,1582,7541,63141,31359,79637,57761,1935,300710,1219,7.712553937261948,1.2246467991473532e-16,-1.0,0.13018968200741518,0.5219671757753679,0.12025004112518506,0.1091272603034406,1.9025776000607388,0.5038594404444051,0.36545104837587156,0.01224265124577676,0.055082440178673114,0.3103179925848128,0.01000923734926038,0.8815531400660533,0.3754096701127463,8.161767497184506,7.801131258936819
114,Greater Darwin,2025,7,6,5,158054,20577,137477,82499,75555,10116,9985,8539,10467,14274,15472,14062,12169,10075,10196,9384,8646,7421,5988,4802,3503,1738,1217,7442,61966,1446,9119,77654,38319,97072,66450,2341,361809,1075,6.801472914320422,-0.4999999999999997,-0.8660254037844388,0.13018968200741518,0.5219671757753679,0.12025004112518506,0.1091272603034406,2.2891480127045187,0.61416984068736,0.4204259303782252,0.014811393574348007,0.047085173421741934,0.39205587963607375,0.009148771938704493,1.0494071646399332,0.4482898249965202,7.712553937261948,7.541726245460412
115,Greater Darwin,2025,8,6,6,158054,20577,137477,82499,75555,10116,9985,8539,10467,14274,15472,14062,12169,10075,10196,9384,8646,7421,5988,4802,3503,1738,1217,7442,61966,1446,9119,77654,38319,97072,66450,2341,361809,985,6.2320472749819675,-0.8660254037844385,-0.5000000000000004,0.13018968200741518,0.5219671757753679,0.12025004112518506,0.1091272603034406,2.2891480127045187,0.61416984068736,0.4204259303782252,0.014811393574348007,0.047085173421741934,0.39205587963607375,0.009148771938704493,1.0494071646399332,0.4482898249965202,6.801472914320422,8.161767497184506
116,Greater Darwin,2025,9,6,5,158054,20577,137477,82499,75555,10116,9985,8539,10467,14274,15472,14062,12169,10075,10196,9384,8646,7421,5988,4802,3503,1738,1217,7442,61966,1446,9119,77654,38319,97072,66450,2341,361809,1065,6.738203398838372,-1.0,-1.8369701987210297e-16,0.13018968200741518,0.5219671757753679,0.12025004112518506,0.1091272603034406,2.2891480127045187,0.61416984068736,0.4204259303782252,0.014811393574348007,0.047085173421741934,0.39205587963607375,0.009148771938704493,1.0494071646399332,0.4482898249965202,6.2320472749819675,7.712553937261948
117,Greater Darwin,2025,10,6,5,158054,20577,137477,82499,75555,10116,9985,8539,10467,14274,15472,14062,12169,10075,10196,9384,8646,7421,5988,4802,3503,1738,1217,6730,48108,1427,7869,74190,34359,79527,57662,2084,311956,1041,6.58635656168145,-0.8660254037844386,0.5000000000000001,0.13018968200741518,0.5219671757753679,0.12025004112518506,0.1091272603034406,1.9737304971718526,0.5031634757741025,0.3648246801725992,0.013185367026459312,0.04258038391941994,0.30437698508104827,0.009028559859288597,0.8811735229731611,0.3559859288597568,6.738203398838372,6.801472914320422
118,Greater Darwin,2025,11,6,5,158054,20577,137477,82499,75555,10116,9985,8539,10467,14274,15472,14062,12169,10075,10196,9384,8646,7421,5988,4802,3503,1738,1217,6730,48108,1427,7869,74190,34359,79527,57662,2084,311956,963,6.092854340921457,-0.5000000000000004,0.8660254037844384,0.13018968200741518,0.5219671757753679,0.12025004112518506,0.1091272603034406,1.9737304971718526,0.5031634757741025,0.3648246801725992,0.013185367026459312,0.04258038391941994,0.30437698508104827,0.009028559859288597,0.8811735229731611,0.3559859288597568,6.58635656168145,6.2320472749819675
119,Greater Darwin,2025,12,6,6,158054,20577,137477,82499,75555,10116,9985,8539,10467,14274,15472,14062,12169,10075,10196,9384,8646,7421,5988,4802,3503,1738,1217,6730,48108,1427,7869,74190,34359,79527,57662,2084,311956,1107,7.0039353638629835,-2.4492935982947064e-16,1.0,0.13018968200741518,0.5219671757753679,0.12025004112518506,0.1091272603034406,1.9737304971718526,0.5031634757741025,0.3648246801725992,0.013185367026459312,0.04258038391941994,0.30437698508104827,0.009028559859288597,0.8811735229731611,0.3559859288597568,6.092854340921457,6.738203398838372
120,Top End,2024,1,2,3,18248,13424,4824,9335,8913,1111,1489,1526,1443,1657,1511,1387,1205,1071,1450,1166,949,841,678,420,229,95,20,1120,8556,210,3061,16346,12281,27191,31586,1092,101443,236,12.932924156071898,0.49999999999999994,0.8660254037844387,0.7356422621657168,0.5115629110039457,0.16270276194651467,0.0790223586146427,5.55912976764577,1.4900811047786058,1.7309294169224025,0.059842174484875055,0.06137658921525647,0.46887330118369136,0.011508110477860588,3.2808526961858835,0.5417580008768084,,
121,Top End,2024,2,3,3,18248,13424,4824,9335,8913,1111,1489,1526,1443,1657,1511,1387,1205,1071,1450,1166,949,841,678,420,229,95,20,1120,8556,210,3061,16346,12281,27191,31586,1092,101443,220,12.05611573871109,0.8660254037844386,0.5000000000000001,0.7356422621657168,0.5115629110039457,0.16270276194651467,0.0790223586146427,5.55912976764577,1.4900811047786058,1.7309294169224025,0.059842174484875055,0.06137658921525647,0.46887330118369136,0.011508110477860588,3.2808526961858835,0.5417580008768084,12.932924156071898,
122,Top End,2024,3,4,4,18248,13424,4824,9335,8913,1111,1489,1526,1443,1657,1511,1387,1205,1071,1450,1166,949,841,678,420,229,95,20,1120,8556,210,3061,16346,12281,27191,31586,1092,101443,171,9.37088996054362,1.0,6.123233995736766e-17,0.7356422621657168,0.5115629110039457,0.16270276194651467,0.0790223586146427,5.55912976764577,1.4900811047786058,1.7309294169224025,0.059842174484875055,0.06137658921525647,0.46887330118369136,0.011508110477860588,3.2808526961858835,0.5417580008768084,12.05611573871109,
123,Top End,2024,4,4,4,18248,13424,4824,9335,8913,1111,1489,1526,1443,1657,1511,1387,1205,1071,1450,1166,949,841,678,420,229,95,20,1293,12676,287,3826,21221,16656,36105,42295,1195,135555,206,11.288908373520385,0.8660254037844387,-0.4999999999999998,0.7356422621657168,0.5115629110039457,0.16270276194651467,0.0790223586146427,7.428485313459009,1.9785729943007453,2.317788250767207,0.06548662867163525,0.07085708022797019,0.6946514686540991,0.01572775098640947,4.361847873739588,0.7812362998684788,9.37088996054362,12.932924156071898
124,Top End,2024,5,4,4,18248,13424,4824,9335,8913,1111,1489,1526,1443,1657,1511,1387,1205,1071,1450,1166,949,841,678,420,229,95,20,1293,12676,287,3826,21221,16656,36105,42295,1195,135555,219,12.001315212626041,0.49999999999999994,-0.8660254037844387,0.7356422621657168,0.5115629110039457,0.16270276194651467,0.0790223586146427,7.428485313459009,1.9785729943007453,2.317788250767207,0.06548662867163525,0.07085708022797019,0.6946514686540991,0.01572775098640947,4.361847873739588,0.7812362998684788,11.288908373520385,12.05611573871109
125,Top End,2024,6,3,5,18248,13424,4824,9335,8913,1111,1489,1526,1443,1657,1511,1387,1205,1071,1450,1166,949,841,678,420,229,95,20,1293,12676,287,3826,21221,16656,36105,42295,1195,135555,219,12.001315212626041,1.2246467991473532e-16,-1.0,0.7356422621657168,0.5115629110039457,0.16270276194651467,0.0790223586146427,7.428485313459009,1.9785729943007453,2.317788250767207,0.06548662867163525,0.07085708022797019,0.6946514686540991,0.01572775098640947,4.361847873739588,0.7812362998684788,12.001315212626041,9.37088996054362
126,Top End,2024,7,5,4,18248,13424,4824,9335,8913,1111,1489,1526,1443,1657,1511,1387,1205,1071,1450,1166,949,841,678,420,229,95,20,1639,14986,436,4177,24562,19855,39286,49816,1444,156201,210,11.508110477860589,-0.4999999999999997,-0.8660254037844388,0.7356422621657168,0.5115629110039457,0.16270276194651467,0.0790223586146427,8.55989697501096,2.152893467777291,2.7299430074528717,0.0791319596668128,0.08981806225339763,0.8212406839105656,0.02389302937308198,4.961968434896975,0.9349517755370451,12.001315212626041,11.288908373520385
127,Top End,2024,8,6,5,18248,13424,4824,9335,8913,1111,1489,1526,1443,1657,1511,1387,1205,1071,1450,1166,949,841,678,420,229,95,20,1639,14986,436,4177,24562,19855,39286,49816,1444,156201,210,11.508110477860589,-0.8660254037844385,-0.5000000000000004,0.7356422621657168,0.5115629110039457,0.16270276194651467,0.0790223586146427,8.55989697501096,2.152893467777291,2.7299430074528717,0.0791319596668128,0.08981806225339763,0.8212406839105656,0.02389302937308198,4.961968434896975,0.9349517755370451,11.508110477860589,12.001315212626041
128,Top End,2024,9,4,4,18248,13424,4824,9335,8913,1111,1489,1526,1443,1657,1511,1387,1205,1071,1450,1166,949,841,678,420,229,95,20,1639,14986,436,4177,24562,19855,39286,49816,1444,156201,268,14.68654099079351,-1.0,-1.8369701987210297e-16,0.7356422621657168,0.5115629110039457,0.16270276194651467,0.0790223586146427,8.55989697501096,2.152893467777291,2.7299430074528717,0.0791319596668128,0.08981806225339763,0.8212406839105656,0.02389302937308198,4.961968434896975,0.9349517755370451,11.508110477860589,12.001315212626041
129,Top End,2024,10,6,5,18248,13424,4824,9335,8913,1111,1489,1526,1443,1657,1511,1387,1205,1071,1450,1166,949,841,678,420,229,95,20,1219,9405,310,3476,24501,16900,29710,45162,1322,132005,257,14.083735203857957,-0.8660254037844386,0.5000000000000001,0.7356422621657168,0.5115629110039457,0.16270276194651467,0.0790223586146427,7.23394344585708,1.6281236299868478,2.474901359053047,0.07244629548443665,0.06680184129767645,0.5153989478298991,0.01698816308636563,4.175471284524331,0.5991889522139413,14.68654099079351,11.508110477860589
130,Top End,2024,11,5,4,18248,13424,4824,9335,8913,1111,1489,1526,1443,1657,1511,1387,1205,1071,1450,1166,949,841,678,420,229,95,20,1219,9405,310,3476,24501,16900,29710,45162,1322,132005,252,13.809732573432706,-0.5000000000000004,0.8660254037844384,0.7356422621657168,0.5115629110039457,0.16270276194651467,0.0790223586146427,7.23394344585708,1.6281236299868478,2.474901359053047,0.07244629548443665,0.06680184129767645,0.5153989478298991,0.01698816308636563,4.175471284524331,0.5991889522139413,14.083735203857957,11.508110477860589
131,Top End,2024,12,6,5,18248,13424,4824,9335,8913,1111,1489,1526,1443,1657,1511,1387,1205,1071,1450,1166,949,841,678,420,229,95,20,1219,9405,310,3476,24501,16900,29710,45162,1322,132005,256,14.028934677772908,-2.4492935982947064e-16,1.0,0.7356422621657168,0.5115629110039457,0.16270276194651467,0.0790223586146427,7.23394344585708,1.6281236299868478,2.474901359053047,0.07244629548443665,0.06680184129767645,0.5153989478298991,0.01698816308636563,4.175471284524331,0.5991889522139413,13.809732573432706,14.68654099079351
132,Top End,2025,1,5,5,18461,13568,4893,9483,8978,1111,1512,1568,1441,1655,1514,1433,1244,1090,1441,1144,974,847,688,428,249,99,23,1007,8224,222,2701,16551,12106,22923,31490,1067,96291,305,16.521315205026813,0.49999999999999994,0.8660254037844387,0.7349547695141109,0.5136774822598993,0.16299225394073993,0.08054818265532744,5.2159146308433995,1.2416987162125561,1.7057580846108011,0.057797519094306915,0.05454742429987541,0.44547965982341153,0.012025350739396565,3.0052543199176642,0.5120524348626835,14.028934677772908,14.083735203857957
133,Top End,2025,2,2,3,18461,13568,4893,9483,8978,1111,1512,1568,1441,1655,1514,1433,1244,1090,1441,1144,974,847,688,428,249,99,23,1007,8224,222,2701,16551,12106,22923,31490,1067,96291,241,13.054547424299876,0.8660254037844386,0.5000000000000001,0.7349547695141109,0.5136774822598993,0.16299225394073993,0.08054818265532744,5.2159146308433995,1.2416987162125561,1.7057580846108011,0.057797519094306915,0.05454742429987541,0.44547965982341153,0.012025350739396565,3.0052543199176642,0.5120524348626835,16.521315205026813,13.809732573432706
134,Top End,2025,3,5,5,18461,13568,4893,9483,8978,1111,1512,1568,1441,1655,1514,1433,1244,1090,1441,1144,974,847,688,428,249,99,23,1007,8224,222,2701,16551,12106,22923,31490,1067,96291,262,14.1920806023509,1.0,6.123233995736766e-17,0.7349547695141109,0.5136774822598993,0.16299225394073993,0.08054818265532744,5.2159146308433995,1.2416987162125561,1.7057580846108011,0.057797519094306915,0.05454742429987541,0.44547965982341153,0.012025350739396565,3.0052543199176642,0.5120524348626835,13.054547424299876,14.028934677772908
135,Top End,2025,4,5,5,18461,13568,4893,9483,8978,1111,1512,1568,1441,1655,1514,1433,1244,1090,1441,1144,974,847,688,428,249,99,23,1564,12126,487,3360,20503,16817,32600,42411,1152,131020,244,13.217052164021451,0.8660254037844387,-0.4999999999999998,0.7349547695141109,0.5136774822598993,0.16299225394073993,0.08054818265532744,7.097123666106928,1.7658848383077839,2.297329505443909,0.06240182005308488,0.08471913764151455,0.656844157954607,0.026379936081469043,4.125616163804778,0.7679432316775906,14.1920806023509,16.521315205026813
136,Top End,2025,5,5,4,18461,13568,4893,9483,8978,1111,1512,1568,1441,1655,1514,1433,1244,1090,1441,1144,974,847,688,428,249,99,23,1564,12126,487,3360,20503,16817,32600,42411,1152,131020,242,13.108715670873734,0.49999999999999994,-0.8660254037844387,0.7349547695141109,0.5136774822598993,0.16299225394073993,0.08054818265532744,7.097123666106928,1.7658848383077839,2.297329505443909,0.06240182005308488,0.08471913764151455,0.656844157954607,0.026379936081469043,4.125616163804778,0.7679432316775906,13.217052164021451,13.054547424299876
137,Top End,2025,6,3,3,18461,13568,4893,9483,8978,1111,1512,1568,1441,1655,1514,1433,1244,1090,1441,1144,974,847,688,428,249,99,23,1564,12126,487,3360,20503,16817,32600,42411,1152,131020,234,12.675369698282866,1.2246467991473532e-16,-1.0,0.7349547695141109,0.5136774822598993,0.16299225394073993,0.08054818265532744,7.097123666106928,1.7658848383077839,2.297329505443909,0.06240182005308488,0.08471913764151455,0.656844157954607,0.026379936081469043,4.125616163804778,0.7679432316775906,13.108715670873734,14.1920806023509
138,Top End,2025,7,5,6,18461,13568,4893,9483,8978,1111,1512,1568,1441,1655,1514,1433,1244,1090,1441,1144,974,847,688,428,249,99,23,1639,14986,436,4177,24562,19855,39286,49816,1444,156201,187,10.129462109311522,-0.4999999999999997,-0.8660254037844388,0.7349547695141109,0.5136774822598993,0.16299225394073993,0.08054818265532744,8.461134283083256,2.1280537349006012,2.6984453713233303,0.07821894805265153,0.08878175613455393,0.811765343155842,0.023617355506202264,4.904718054276583,0.9241644547965983,12.675369698282866,13.217052164021451
139,Top End,2025,8,6,5,18461,13568,4893,9483,8978,1111,1512,1568,1441,1655,1514,1433,1244,1090,1441,1144,974,847,688,428,249,99,23,1639,14986,436,4177,24562,19855,39286,49816,1444,156201,183,9.912789123016088,-0.8660254037844385,-0.5000000000000004,0.7349547695141109,0.5136774822598993,0.16299225394073993,0.08054818265532744,8.461134283083256,2.1280537349006012,2.6984453713233303,0.07821894805265153,0.08878175613455393,0.811765343155842,0.023617355506202264,4.904718054276583,0.9241644547965983,10.129462109311522,13.108715670873734
140,Top End,2025,9,4,5,18461,13568,4893,9483,8978,1111,1512,1568,1441,1655,1514,1433,1244,1090,1441,1144,974,847,688,428,249,99,23,1639,14986,436,4177,24562,19855,39286,49816,1444,156201,244,13.217052164021451,-1.0,-1.8369701987210297e-16,0.7349547695141109,0.5136774822598993,0.16299225394073993,0.08054818265532744,8.461134283083256,2.1280537349006012,2.6984453713233303,0.07821894805265153,0.08878175613455393,0.811765343155842,0.023617355506202264,4.904718054276583,0.9241644547965983,9.912789123016088,12.675369698282866
141,Top End,2025,10,5,6,18461,13568,4893,9483,8978,1111,1512,1568,1441,1655,1514,1433,1244,1090,1441,1144,974,847,688,428,249,99,23,1219,9405,310,3476,24501,16900,29710,45162,1322,132005,298,16.142137479009804,-0.8660254037844386,0.5000000000000001,0.7349547695141109,0.5136774822598993,0.16299225394073993,0.08054818265532744,7.150479388982179,1.6093386057093333,2.446346351768593,0.07161042197064081,0.0660310925735334,0.5094523590271383,0.016792156437896104,4.127295379448567,0.5922756080385678,13.217052164021451,10.129462109311522
142,Top End,2025,11,6,5,18461,13568,4893,9483,8978,1111,1512,1568,1441,1655,1514,1433,1244,1090,1441,1144,974,847,688,428,249,99,23,1219,9405,310,3476,24501,16900,29710,45162,1322,132005,227,12.296191972265857,-0.5000000000000004,0.8660254037844384,0.7349547695141109,0.5136774822598993,0.16299225394073993,0.08054818265532744,7.150479388982179,1.6093386057093333,2.446346351768593,0.07161042197064081,0.0660310925735334,0.5094523590271383,0.016792156437896104,4.127295379448567,0.5922756080385678,16.142137479009804,9.912789123016088
143,Top End,2025,12,5,6,18461,13568,4893,9483,8978,1111,1512,1568,1441,1655,1514,1433,1244,1090,1441,1144,974,847,688,428,249,99,23,1219,9405,310,3476,24501,16900,29710,45162,1322,132005,230,12.458696711987432,-2.4492935982947064e-16,1.0,0.7349547695141109,0.5136774822598993,0.16299225394073993,0.08054818265532744,7.150479388982179,1.6093386057093333,2.446346351768593,0.07161042197064081,0.0660310925735334,0.5094523590271383,0.016792156437896104,4.127295379448567,0.5922756080385678,12.296191972265857,13.217052164021451
