,region,Year,Month number,Alcohol involvement,DV involvement,Total_population,Aboriginal,Non-Aboriginal,Male,Female,Pop_age_0,Pop_age_10,Pop_age_15,Pop_age_20,Pop_age_25,Pop_age_30,Pop_age_35,Pop_age_40,Pop_age_45,Pop_age_5,Pop_age_50,Pop_age_55,Pop_age_60,Pop_age_65,Pop_age_70,Pop_age_75,Pop_age_80,Pop_age_85plus,Cask Wine PAC,Bottled Wine PAC,Fortified Wine PAC,Cider PAC,Standard Spirits PAC,Mixed Spirits PAC,Full-Strength Beer PAC,Mid-Strength Beer PAC,Low-Strength Beer PAC,Total PAC,Number of offences,assault_rate,sin_month,cos_month,pct_aboriginal,pct_male,pct_youth,pct_senior,alcohol_per_capita,full-strength_beer_pac_per_capita,mid-strength_beer_pac_per_capita,low-strength_beer_pac_per_capita,cask_wine_pac_per_capita,bottled_wine_pac_per_capita,fortified_wine_pac_per_capita,assault_rate_lag1,assault_rate_lag3
0,Barkly,2024,1,10,9,7471,5344,2127,3779,3692,628,541,568,587,731,691,562,431,404,627,425,384,353,259,131,91,45,13,744,334,3,402,3167,892,4026,2347,9,11925,1542,206.39807254718244,0.49999999999999994,0.8660254037844387,0.7152991567393924,0.5058225137197162,0.1545977780752242,0.07214562976843795,1.5961718645428993,0.5388836835764957,0.31414803908445993,0.001204658010975773,0.0995850622406639,0.04470619729621202,0.00040155267032525766,,
1,Barkly,2024,2,11,10,7471,5344,2127,3779,3692,628,541,568,587,731,691,562,431,404,627,425,384,353,259,131,91,45,13,744,334,3,402,3167,892,4026,2347,9,11925,1467,196.359255789051,0.8660254037844386,0.5000000000000001,0.7152991567393924,0.5058225137197162,0.1545977780752242,0.07214562976843795,1.5961718645428993,0.5388836835764957,0.31414803908445993,0.001204658010975773,0.0995850622406639,0.04470619729621202,0.00040155267032525766,206.39807254718244,
2,Barkly,2024,3,8,9,7471,5344,2127,3779,3692,628,541,568,587,731,691,562,431,404,627,425,384,353,259,131,91,45,13,744,334,3,402,3167,892,4026,2347,9,11925,1445,193.41453620666576,1.0,6.123233995736766e-17,0.7152991567393924,0.5058225137197162,0.1545977780752242,0.07214562976843795,1.5961718645428993,0.5388836835764957,0.31414803908445993,0.001204658010975773,0.0995850622406639,0.04470619729621202,0.00040155267032525766,196.359255789051,
3,Barkly,2024,4,10,9,7471,5344,2127,3779,3692,628,541,568,587,731,691,562,431,404,627,425,384,353,259,131,91,45,13,821,414,4,430,3433,1094,3984,2540,3,12725,1270,169.9906304376924,0.8660254037844387,-0.4999999999999998,0.7152991567393924,0.5058225137197162,0.1545977780752242,0.07214562976843795,1.7032525766296347,0.5332619461919422,0.3399812608753848,0.00040155267032525766,0.10989158077901218,0.05541426850488556,0.0005354035604336768,193.41453620666576,206.39807254718244
4,Barkly,2024,5,9,9,7471,5344,2127,3779,3692,628,541,568,587,731,691,562,431,404,627,425,384,353,259,131,91,45,13,821,414,4,430,3433,1094,3984,2540,3,12725,1359,181.90335965734172,0.49999999999999994,-0.8660254037844387,0.7152991567393924,0.5058225137197162,0.1545977780752242,0.07214562976843795,1.7032525766296347,0.5332619461919422,0.3399812608753848,0.00040155267032525766,0.10989158077901218,0.05541426850488556,0.0005354035604336768,169.9906304376924,196.359255789051
5,Barkly,2024,6,11,11,7471,5344,2127,3779,3692,628,541,568,587,731,691,562,431,404,627,425,384,353,259,131,91,45,13,821,414,4,430,3433,1094,3984,2540,3,12725,1271,170.12448132780082,1.2246467991473532e-16,-1.0,0.7152991567393924,0.5058225137197162,0.1545977780752242,0.07214562976843795,1.7032525766296347,0.5332619461919422,0.3399812608753848,0.00040155267032525766,0.10989158077901218,0.05541426850488556,0.0005354035604336768,181.90335965734172,193.41453620666576
6,Barkly,2024,7,11,10,7471,5344,2127,3779,3692,628,541,568,587,731,691,562,431,404,627,425,384,353,259,131,91,45,13,744,491,3,519,4038,1275,4896,2824,7,14798,1292,172.93535002007764,-0.4999999999999997,-0.8660254037844388,0.7152991567393924,0.5058225137197162,0.1545977780752242,0.07214562976843795,1.9807254718243876,0.6553339579708205,0.3779949136661759,0.0009369562307589345,0.0995850622406639,0.06572078704323384,0.00040155267032525766,170.12448132780082,169.9906304376924
7,Barkly,2024,8,12,11,7471,5344,2127,3779,3692,628,541,568,587,731,691,562,431,404,627,425,384,353,259,131,91,45,13,744,491,3,519,4038,1275,4896,2824,7,14798,1265,169.3213759871503,-0.8660254037844385,-0.5000000000000004,0.7152991567393924,0.5058225137197162,0.1545977780752242,0.07214562976843795,1.9807254718243876,0.6553339579708205,0.3779949136661759,0.0009369562307589345,0.0995850622406639,0.06572078704323384,0.00040155267032525766,172.93535002007764,181.90335965734172
8,Barkly,2024,9,11,10,7471,5344,2127,3779,3692,628,541,568,587,731,691,562,431,404,627,425,384,353,259,131,91,45,13,744,491,3,519,4038,1275,4896,2824,7,14798,1390,186.0527372507027,-1.0,-1.8369701987210297e-16,0.7152991567393924,0.5058225137197162,0.1545977780752242,0.07214562976843795,1.9807254718243876,0.6553339579708205,0.3779949136661759,0.0009369562307589345,0.0995850622406639,0.06572078704323384,0.00040155267032525766,169.3213759871503,170.12448132780082
9,Barkly,2024,10,11,10,7471,5344,2127,3779,3692,628,541,568,587,731,691,562,431,404,627,425,384,353,259,131,91,45,13,678,374,4,614,3512,1277,4568,2516,9,13550,1449,193.94993976709947,-0.8660254037844386,0.5000000000000001,0.7152991567393924,0.5058225137197162,0.1545977780752242,0.07214562976843795,1.8136795609690803,0.611430866015259,0.33676883951278275,0.001204658010975773,0.09075090349350823,0.05006023290054879,0.0005354035604336768,186.0527372507027,172.93535002007764
10,Barkly,2024,11,11,9,7471,5344,2127,3779,3692,628,541,568,587,731,691,562,431,404,627,425,384,353,259,131,91,45,13,678,374,4,614,3512,1277,4568,2516,9,13550,1412,188.99745683308794,-0.5000000000000004,0.8660254037844384,0.7152991567393924,0.5058225137197162,0.1545977780752242,0.07214562976843795,1.8136795609690803,0.611430866015259,0.33676883951278275,0.001204658010975773,0.09075090349350823,0.05006023290054879,0.0005354035604336768,193.94993976709947,169.3213759871503
11,Barkly,2024,12,9,8,7471,5344,2127,3779,3692,628,541,568,587,731,691,562,431,404,627,425,384,353,259,131,91,45,13,678,374,4,614,3512,1277,4568,2516,9,13550,1460,195.42229955829208,-2.4492935982947064e-16,1.0,0.7152991567393924,0.5058225137197162,0.1545977780752242,0.07214562976843795,1.8136795609690803,0.611430866015259,0.33676883951278275,0.001204658010975773,0.09075090349350823,0.05006023290054879,0.0005354035604336768,188.99745683308794,186.0527372507027
12,Barkly,2025,1,9,10,7552,5402,2150,3836,3716,630,551,582,586,731,693,580,444,412,623,417,393,355,262,133,99,47,14,520,264,0,402,2697,755,3415,1879,7,9939,1430,189.35381355932205,0.49999999999999994,0.8660254037844387,0.7153072033898306,0.5079449152542372,0.15466101694915255,0.07349046610169492,1.3160752118644068,0.452198093220339,0.2488082627118644,0.000926906779661017,0.06885593220338983,0.034957627118644065,0.0,195.42229955829208,193.94993976709947
13,Barkly,2025,2,11,10,7552,5402,2150,3836,3716,630,551,582,586,731,693,580,444,412,623,417,393,355,262,133,99,47,14,520,264,0,402,2697,755,3415,1879,7,9939,1327,175.71504237288136,0.8660254037844386,0.5000000000000001,0.7153072033898306,0.5079449152542372,0.15466101694915255,0.07349046610169492,1.3160752118644068,0.452198093220339,0.2488082627118644,0.000926906779661017,0.06885593220338983,0.034957627118644065,0.0,189.35381355932205,188.99745683308794
14,Barkly,2025,3,11,11,7552,5402,2150,3836,3716,630,551,582,586,731,693,580,444,412,623,417,393,355,262,133,99,47,14,520,264,0,402,2697,755,3415,1879,7,9939,1435,190.01588983050846,1.0,6.123233995736766e-17,0.7153072033898306,0.5079449152542372,0.15466101694915255,0.07349046610169492,1.3160752118644068,0.452198093220339,0.2488082627118644,0.000926906779661017,0.06885593220338983,0.034957627118644065,0.0,175.71504237288136,195.42229955829208
15,Barkly,2025,4,10,10,7552,5402,2150,3836,3716,630,551,582,586,731,693,580,444,412,623,417,393,355,262,133,99,47,14,610,446,1,409,3269,933,3874,2104,3,11650,1312,173.72881355932205,0.8660254037844387,-0.4999999999999998,0.7153072033898306,0.5079449152542372,0.15466101694915255,0.07349046610169492,1.5426377118644068,0.5129766949152542,0.2786016949152542,0.00039724576271186443,0.08077330508474577,0.05905720338983051,0.00013241525423728814,190.01588983050846,189.35381355932205
16,Barkly,2025,5,11,10,7552,5402,2150,3836,3716,630,551,582,586,731,693,580,444,412,623,417,393,355,262,133,99,47,14,610,446,1,409,3269,933,3874,2104,3,11650,1468,194.385593220339,0.49999999999999994,-0.8660254037844387,0.7153072033898306,0.5079449152542372,0.15466101694915255,0.07349046610169492,1.5426377118644068,0.5129766949152542,0.2786016949152542,0.00039724576271186443,0.08077330508474577,0.05905720338983051,0.00013241525423728814,173.72881355932205,175.71504237288136
17,Barkly,2025,6,9,10,7552,5402,2150,3836,3716,630,551,582,586,731,693,580,444,412,623,417,393,355,262,133,99,47,14,610,446,1,409,3269,933,3874,2104,3,11650,1357,179.6875,1.2246467991473532e-16,-1.0,0.7153072033898306,0.5079449152542372,0.15466101694915255,0.07349046610169492,1.5426377118644068,0.5129766949152542,0.2786016949152542,0.00039724576271186443,0.08077330508474577,0.05905720338983051,0.00013241525423728814,194.385593220339,190.01588983050846
18,Barkly,2025,7,12,10,7552,5402,2150,3836,3716,630,551,582,586,731,693,580,444,412,623,417,393,355,262,133,99,47,14,744,491,3,519,4038,1275,4896,2824,7,14798,1226,162.34110169491524,-0.4999999999999997,-0.8660254037844388,0.7153072033898306,0.5079449152542372,0.15466101694915255,0.07349046610169492,1.95948093220339,0.6483050847457628,0.3739406779661017,0.000926906779661017,0.09851694915254237,0.06501588983050847,0.00039724576271186443,179.6875,173.72881355932205
19,Barkly,2025,8,10,9,7552,5402,2150,3836,3716,630,551,582,586,731,693,580,444,412,623,417,393,355,262,133,99,47,14,744,491,3,519,4038,1275,4896,2824,7,14798,1158,153.33686440677965,-0.8660254037844385,-0.5000000000000004,0.7153072033898306,0.5079449152542372,0.15466101694915255,0.07349046610169492,1.95948093220339,0.6483050847457628,0.3739406779661017,0.000926906779661017,0.09851694915254237,0.06501588983050847,0.00039724576271186443,162.34110169491524,194.385593220339
20,Barkly,2025,9,8,8,7552,5402,2150,3836,3716,630,551,582,586,731,693,580,444,412,623,417,393,355,262,133,99,47,14,744,491,3,519,4038,1275,4896,2824,7,14798,1282,169.7563559322034,-1.0,-1.8369701987210297e-16,0.7153072033898306,0.5079449152542372,0.15466101694915255,0.07349046610169492,1.95948093220339,0.6483050847457628,0.3739406779661017,0.000926906779661017,0.09851694915254237,0.06501588983050847,0.00039724576271186443,153.33686440677965,179.6875
21,Barkly,2025,10,10,8,7552,5402,2150,3836,3716,630,551,582,586,731,693,580,444,412,623,417,393,355,262,133,99,47,14,678,374,4,614,3512,1277,4568,2516,9,13550,1250,165.51906779661016,-0.8660254037844386,0.5000000000000001,0.7153072033898306,0.5079449152542372,0.15466101694915255,0.07349046610169492,1.7942266949152543,0.6048728813559322,0.3331567796610169,0.0011917372881355933,0.08977754237288135,0.04952330508474576,0.0005296610169491525,169.7563559322034,162.34110169491524
22,Barkly,2025,11,10,8,7552,5402,2150,3836,3716,630,551,582,586,731,693,580,444,412,623,417,393,355,262,133,99,47,14,678,374,4,614,3512,1277,4568,2516,9,13550,1121,148.4375,-0.5000000000000004,0.8660254037844384,0.7153072033898306,0.5079449152542372,0.15466101694915255,0.07349046610169492,1.7942266949152543,0.6048728813559322,0.3331567796610169,0.0011917372881355933,0.08977754237288135,0.04952330508474576,0.0005296610169491525,165.51906779661016,153.33686440677965
23,Barkly,2025,12,10,9,7552,5402,2150,3836,3716,630,551,582,586,731,693,580,444,412,623,417,393,355,262,133,99,47,14,678,374,4,614,3512,1277,4568,2516,9,13550,1248,165.25423728813558,-2.4492935982947064e-16,1.0,0.7153072033898306,0.5079449152542372,0.15466101694915255,0.07349046610169492,1.7942266949152543,0.6048728813559322,0.3331567796610169,0.0011917372881355933,0.08977754237288135,0.04952330508474576,0.0005296610169491525,148.4375,169.7563559322034
24,Big Rivers,2024,1,6,5,22753,13068,9685,11648,11105,1626,1766,1641,2046,2117,2194,1800,1399,1201,1721,1356,1112,963,716,511,313,173,98,63,2027,20,858,7822,3713,9911,6867,288,31569,363,15.953940139761789,0.49999999999999994,0.8660254037844387,0.5743418450314244,0.5119324924185822,0.16204456555179536,0.07959389970553334,1.3874653891794488,0.43559091108864767,0.30180635520590693,0.012657671515844064,0.0027688656440908893,0.08908715334241639,0.00087900496637806,,
25,Big Rivers,2024,2,5,4,22753,13068,9685,11648,11105,1626,1766,1641,2046,2117,2194,1800,1399,1201,1721,1356,1112,963,716,511,313,173,98,63,2027,20,858,7822,3713,9911,6867,288,31569,252,11.075462576363558,0.8660254037844386,0.5000000000000001,0.5743418450314244,0.5119324924185822,0.16204456555179536,0.07959389970553334,1.3874653891794488,0.43559091108864767,0.30180635520590693,0.012657671515844064,0.0027688656440908893,0.08908715334241639,0.00087900496637806,15.953940139761789,
26,Big Rivers,2024,3,5,4,22753,13068,9685,11648,11105,1626,1766,1641,2046,2117,2194,1800,1399,1201,1721,1356,1112,963,716,511,313,173,98,63,2027,20,858,7822,3713,9911,6867,288,31569,232,10.196457609985497,1.0,6.123233995736766e-17,0.5743418450314244,0.5119324924185822,0.16204456555179536,0.07959389970553334,1.3874653891794488,0.43559091108864767,0.30180635520590693,0.012657671515844064,0.0027688656440908893,0.08908715334241639,0.00087900496637806,11.075462576363558,
27,Big Rivers,2024,4,6,5,22753,13068,9685,11648,11105,1626,1766,1641,2046,2117,2194,1800,1399,1201,1721,1356,1112,963,716,511,313,173,98,186,4170,38,1262,11768,5133,12138,10323,312,45331,269,11.822616797784907,0.8660254037844387,-0.4999999999999998,0.5743418450314244,0.5119324924185822,0.16204456555179536,0.07959389970553334,1.992308706544192,0.5334681140948446,0.45369841339603567,0.013712477475497737,0.008174746187315958,0.18327253548982553,0.0016701094361183141,10.196457609985497,15.953940139761789
28,Big Rivers,2024,5,5,5,22753,13068,9685,11648,11105,1626,1766,1641,2046,2117,2194,1800,1399,1201,1721,1356,1112,963,716,511,313,173,98,186,4170,38,1262,11768,5133,12138,10323,312,45331,363,15.953940139761789,0.49999999999999994,-0.8660254037844387,0.5743418450314244,0.5119324924185822,0.16204456555179536,0.07959389970553334,1.992308706544192,0.5334681140948446,0.45369841339603567,0.013712477475497737,0.008174746187315958,0.18327253548982553,0.0016701094361183141,11.822616797784907,11.075462576363558
29,Big Rivers,2024,6,5,4,22753,13068,9685,11648,11105,1626,1766,1641,2046,2117,2194,1800,1399,1201,1721,1356,1112,963,716,511,313,173,98,186,4170,38,1262,11768,5133,12138,10323,312,45331,363,15.953940139761789,1.2246467991473532e-16,-1.0,0.5743418450314244,0.5119324924185822,0.16204456555179536,0.07959389970553334,1.992308706544192,0.5334681140948446,0.45369841339603567,0.013712477475497737,0.008174746187315958,0.18327253548982553,0.0016701094361183141,15.953940139761789,10.196457609985497
30,Big Rivers,2024,7,6,5,22753,13068,9685,11648,11105,1626,1766,1641,2046,2117,2194,1800,1399,1201,1721,1356,1112,963,716,511,313,173,98,248,4953,87,1376,12867,5934,14550,11840,304,52159,314,13.800377972135543,-0.4999999999999997,-0.8660254037844388,0.5743418450314244,0.5119324924185822,0.16204456555179536,0.07959389970553334,2.2924010020656618,0.6394761130400387,0.5203709400958115,0.013360875488946513,0.010899661583087944,0.21768557992352658,0.003823671603744561,15.953940139761789,11.822616797784907
31,Big Rivers,2024,8,5,5,22753,13068,9685,11648,11105,1626,1766,1641,2046,2117,2194,1800,1399,1201,1721,1356,1112,963,716,511,313,173,98,248,4953,87,1376,12867,5934,14550,11840,304,52159,358,15.734188898167277,-0.8660254037844385,-0.5000000000000004,0.5743418450314244,0.5119324924185822,0.16204456555179536,0.07959389970553334,2.2924010020656618,0.6394761130400387,0.5203709400958115,0.013360875488946513,0.010899661583087944,0.21768557992352658,0.003823671603744561,13.800377972135543,15.953940139761789
32,Big Rivers,2024,9,4,4,22753,13068,9685,11648,11105,1626,1766,1641,2046,2117,2194,1800,1399,1201,1721,1356,1112,963,716,511,313,173,98,248,4953,87,1376,12867,5934,14550,11840,304,52159,298,13.097173999033094,-1.0,-1.8369701987210297e-16,0.5743418450314244,0.5119324924185822,0.16204456555179536,0.07959389970553334,2.2924010020656618,0.6394761130400387,0.5203709400958115,0.013360875488946513,0.010899661583087944,0.21768557992352658,0.003823671603744561,15.734188898167277,15.953940139761789
33,Big Rivers,2024,10,6,6,22753,13068,9685,11648,11105,1626,1766,1641,2046,2117,2194,1800,1399,1201,1721,1356,1112,963,716,511,313,173,98,106,2816,76,1072,11825,4813,13080,9707,273,43769,316,13.888278468773349,-0.8660254037844386,0.5000000000000001,0.5743418450314244,0.5119324924185822,0.16204456555179536,0.07959389970553334,1.9236584186700656,0.5748692480112513,0.42662506043159143,0.01199841779106052,0.004658726321803718,0.12376389926603085,0.0033402188722366282,13.097173999033094,13.800377972135543
34,Big Rivers,2024,11,5,5,22753,13068,9685,11648,11105,1626,1766,1641,2046,2117,2194,1800,1399,1201,1721,1356,1112,963,716,511,313,173,98,106,2816,76,1072,11825,4813,13080,9707,273,43769,299,13.141124247351996,-0.5000000000000004,0.8660254037844384,0.5743418450314244,0.5119324924185822,0.16204456555179536,0.07959389970553334,1.9236584186700656,0.5748692480112513,0.42662506043159143,0.01199841779106052,0.004658726321803718,0.12376389926603085,0.0033402188722366282,13.888278468773349,15.734188898167277
35,Big Rivers,2024,12,5,3,22753,13068,9685,11648,11105,1626,1766,1641,2046,2117,2194,1800,1399,1201,1721,1356,1112,963,716,511,313,173,98,106,2816,76,1072,11825,4813,13080,9707,273,43769,340,14.94308442842702,-2.4492935982947064e-16,1.0,0.5743418450314244,0.5119324924185822,0.16204456555179536,0.07959389970553334,1.9236584186700656,0.5748692480112513,0.42662506043159143,0.01199841779106052,0.004658726321803718,0.12376389926603085,0.0033402188722366282,13.141124247351996,13.097173999033094
36,Big Rivers,2025,1,5,5,23035,13218,9817,11844,11191,1628,1795,1685,2045,2114,2198,1860,1444,1225,1715,1331,1141,969,727,522,342,181,113,105,2301,15,803,9279,3560,10313,7796,215,34386,317,13.76166702843499,0.49999999999999994,0.8660254037844387,0.5738224441067941,0.5141740829172997,0.16192750162795747,0.08183199479053614,1.4927718688951594,0.44771000651182985,0.33844150206207946,0.009333622747992185,0.0045582808769264165,0.09989146950293032,0.0006511829824180595,14.94308442842702,13.888278468773349
37,Big Rivers,2025,2,4,5,23035,13218,9817,11844,11191,1628,1795,1685,2045,2114,2198,1860,1444,1225,1715,1331,1141,969,727,522,342,181,113,105,2301,15,803,9279,3560,10313,7796,215,34386,246,10.679400911656176,0.8660254037844386,0.5000000000000001,0.5738224441067941,0.5141740829172997,0.16192750162795747,0.08183199479053614,1.4927718688951594,0.44771000651182985,0.33844150206207946,0.009333622747992185,0.0045582808769264165,0.09989146950293032,0.0006511829824180595,13.76166702843499,13.141124247351996
38,Big Rivers,2025,3,6,5,23035,13218,9817,11844,11191,1628,1795,1685,2045,2114,2198,1860,1444,1225,1715,1331,1141,969,727,522,342,181,113,105,2301,15,803,9279,3560,10313,7796,215,34386,326,14.152376817885827,1.0,6.123233995736766e-17,0.5738224441067941,0.5141740829172997,0.16192750162795747,0.08183199479053614,1.4927718688951594,0.44771000651182985,0.33844150206207946,0.009333622747992185,0.0045582808769264165,0.09989146950293032,0.0006511829824180595,10.679400911656176,14.94308442842702
39,Big Rivers,2025,4,4,5,23035,13218,9817,11844,11191,1628,1795,1685,2045,2114,2198,1860,1444,1225,1715,1331,1141,969,727,522,342,181,113,518,5706,79,1249,13302,4972,11233,10241,270,47570,407,17.668764922943346,0.8660254037844387,-0.4999999999999998,0.5738224441067941,0.5141740829172997,0.16192750162795747,0.08183199479053614,2.065118298241806,0.48764922943347083,0.4445843281962231,0.01172129368352507,0.022487518992836988,0.2477100065118298,0.00342956370740178,14.152376817885827,13.76166702843499
40,Big Rivers,2025,5,6,5,23035,13218,9817,11844,11191,1628,1795,1685,2045,2114,2198,1860,1444,1225,1715,1331,1141,969,727,522,342,181,113,518,5706,79,1249,13302,4972,11233,10241,270,47570,317,13.76166702843499,0.49999999999999994,-0.8660254037844387,0.5738224441067941,0.5141740829172997,0.16192750162795747,0.08183199479053614,2.065118298241806,0.48764922943347083,0.4445843281962231,0.01172129368352507,0.022487518992836988,0.2477100065118298,0.00342956370740178,17.668764922943346,10.679400911656176
41,Big Rivers,2025,6,4,4,23035,13218,9817,11844,11191,1628,1795,1685,2045,2114,2198,1860,1444,1225,1715,1331,1141,969,727,522,342,181,113,518,5706,79,1249,13302,4972,11233,10241,270,47570,322,13.978728022574343,1.2246467991473532e-16,-1.0,0.5738224441067941,0.5141740829172997,0.16192750162795747,0.08183199479053614,2.065118298241806,0.48764922943347083,0.4445843281962231,0.01172129368352507,0.022487518992836988,0.2477100065118298,0.00342956370740178,13.76166702843499,14.152376817885827
42,Big Rivers,2025,7,6,5,23035,13218,9817,11844,11191,1628,1795,1685,2045,2114,2198,1860,1444,1225,1715,1331,1141,969,727,522,342,181,113,248,4953,87,1376,12867,5934,14550,11840,304,52159,295,12.806598654221837,-0.4999999999999997,-0.8660254037844388,0.5738224441067941,0.5141740829172997,0.16192750162795747,0.08183199479053614,2.2643368786629043,0.6316474929455177,0.5140004341219883,0.013197308443672673,0.010766225309311917,0.21502062079444323,0.003776861298024745,13.978728022574343,17.668764922943346
43,Big Rivers,2025,8,4,4,23035,13218,9817,11844,11191,1628,1795,1685,2045,2114,2198,1860,1444,1225,1715,1331,1141,969,727,522,342,181,113,248,4953,87,1376,12867,5934,14550,11840,304,52159,303,13.1538962448448,-0.8660254037844385,-0.5000000000000004,0.5738224441067941,0.5141740829172997,0.16192750162795747,0.08183199479053614,2.2643368786629043,0.6316474929455177,0.5140004341219883,0.013197308443672673,0.010766225309311917,0.21502062079444323,0.003776861298024745,12.806598654221837,13.76166702843499
44,Big Rivers,2025,9,5,5,23035,13218,9817,11844,11191,1628,1795,1685,2045,2114,2198,1860,1444,1225,1715,1331,1141,969,727,522,342,181,113,248,4953,87,1376,12867,5934,14550,11840,304,52159,326,14.152376817885827,-1.0,-1.8369701987210297e-16,0.5738224441067941,0.5141740829172997,0.16192750162795747,0.08183199479053614,2.2643368786629043,0.6316474929455177,0.5140004341219883,0.013197308443672673,0.010766225309311917,0.21502062079444323,0.003776861298024745,13.1538962448448,13.978728022574343
45,Big Rivers,2025,10,5,5,23035,13218,9817,11844,11191,1628,1795,1685,2045,2114,2198,1860,1444,1225,1715,1331,1141,969,727,522,342,181,113,106,2816,76,1072,11825,4813,13080,9707,273,43769,319,13.848491426090732,-0.8660254037844386,0.5000000000000001,0.5738224441067941,0.5141740829172997,0.16192750162795747,0.08183199479053614,1.9001085304970697,0.5678315606685479,0.42140221402214023,0.011851530280008682,0.004601693075754287,0.12224875189928369,0.003299327110918168,14.152376817885827,12.806598654221837
46,Big Rivers,2025,11,4,4,23035,13218,9817,11844,11191,1628,1795,1685,2045,2114,2198,1860,1444,1225,1715,1331,1141,969,727,522,342,181,113,106,2816,76,1072,11825,4813,13080,9707,273,43769,275,11.938354677664424,-0.5000000000000004,0.8660254037844384,0.5738224441067941,0.5141740829172997,0.16192750162795747,0.08183199479053614,1.9001085304970697,0.5678315606685479,0.42140221402214023,0.011851530280008682,0.004601693075754287,0.12224875189928369,0.003299327110918168,13.848491426090732,13.1538962448448
47,Big Rivers,2025,12,3,3,23035,13218,9817,11844,11191,1628,1795,1685,2045,2114,2198,1860,1444,1225,1715,1331,1141,969,727,522,342,181,113,106,2816,76,1072,11825,4813,13080,9707,273,43769,302,13.11048404601693,-2.4492935982947064e-16,1.0,0.5738224441067941,0.5141740829172997,0.16192750162795747,0.08183199479053614,1.9001085304970697,0.5678315606685479,0.42140221402214023,0.011851530280008682,0.004601693075754287,0.12224875189928369,0.003299327110918168,11.938354677664424,14.152376817885827
48,Central Australia,2024,1,5,5,41404,17255,24149,20472,20932,2858,2788,2491,2720,3845,4262,3641,3020,2504,2808,2475,2322,2047,1473,913,569,411,257,10,6641,45,1757,14921,6989,18295,10165,247,59069,984,23.765819727562555,0.49999999999999994,0.8660254037844387,0.416747174186069,0.49444498116124047,0.12585740508163462,0.08750362283837311,1.4266495990725534,0.44186552023959036,0.245507680417351,0.005965607187711332,0.00024152255820693652,0.16039513090522656,0.0010868515119312144,,
49,Central Australia,2024,2,6,5,41404,17255,24149,20472,20932,2858,2788,2491,2720,3845,4262,3641,3020,2504,2808,2475,2322,2047,1473,913,569,411,257,10,6641,45,1757,14921,6989,18295,10165,247,59069,616,14.87778958554729,0.8660254037844386,0.5000000000000001,0.416747174186069,0.49444498116124047,0.12585740508163462,0.08750362283837311,1.4266495990725534,0.44186552023959036,0.245507680417351,0.005965607187711332,0.00024152255820693652,0.16039513090522656,0.0010868515119312144,23.765819727562555,
50,Central Australia,2024,3,5,4,41404,17255,24149,20472,20932,2858,2788,2491,2720,3845,4262,3641,3020,2504,2808,2475,2322,2047,1473,913,569,411,257,10,6641,45,1757,14921,6989,18295,10165,247,59069,684,16.520142981354457,1.0,6.123233995736766e-17,0.416747174186069,0.49444498116124047,0.12585740508163462,0.08750362283837311,1.4266495990725534,0.44186552023959036,0.245507680417351,0.005965607187711332,0.00024152255820693652,0.16039513090522656,0.0010868515119312144,14.87778958554729,
51,Central Australia,2024,4,5,4,41404,17255,24149,20472,20932,2858,2788,2491,2720,3845,4262,3641,3020,2504,2808,2475,2322,2047,1473,913,569,411,257,18,10117,113,2100,18685,8384,21246,11451,225,72339,661,15.964641097478506,0.8660254037844387,-0.4999999999999998,0.416747174186069,0.49444498116124047,0.12585740508163462,0.08750362283837311,1.7471500338131583,0.5131388271664573,0.276567481402763,0.005434257559656072,0.00043474060477248575,0.24434837213795768,0.0027292049077383826,16.520142981354457,23.765819727562555
52,Central Australia,2024,5,6,5,41404,17255,24149,20472,20932,2858,2788,2491,2720,3845,4262,3641,3020,2504,2808,2475,2322,2047,1473,913,569,411,257,18,10117,113,2100,18685,8384,21246,11451,225,72339,779,18.814607284320356,0.49999999999999994,-0.8660254037844387,0.416747174186069,0.49444498116124047,0.12585740508163462,0.08750362283837311,1.7471500338131583,0.5131388271664573,0.276567481402763,0.005434257559656072,0.00043474060477248575,0.24434837213795768,0.0027292049077383826,15.964641097478506,14.87778958554729
53,Central Australia,2024,6,5,4,41404,17255,24149,20472,20932,2858,2788,2491,2720,3845,4262,3641,3020,2504,2808,2475,2322,2047,1473,913,569,411,257,18,10117,113,2100,18685,8384,21246,11451,225,72339,686,16.568447492995844,1.2246467991473532e-16,-1.0,0.416747174186069,0.49444498116124047,0.12585740508163462,0.08750362283837311,1.7471500338131583,0.5131388271664573,0.276567481402763,0.005434257559656072,0.00043474060477248575,0.24434837213795768,0.0027292049077383826,18.814607284320356,16.520142981354457
54,Central Australia,2024,7,6,6,41404,17255,24149,20472,20932,2858,2788,2491,2720,3845,4262,3641,3020,2504,2808,2475,2322,2047,1473,913,569,411,257,37,10850,132,2310,21845,9245,21808,12485,315,79028,862,20.81924451743793,-0.4999999999999997,-0.8660254037844388,0.416747174186069,0.49444498116124047,0.12585740508163462,0.08750362283837311,1.908704472997778,0.5267123949376872,0.30154091392136023,0.0076079605835185,0.0008936334653656652,0.26205197565452615,0.003188097768331562,16.568447492995844,15.964641097478506
55,Central Australia,2024,8,5,5,41404,17255,24149,20472,20932,2858,2788,2491,2720,3845,4262,3641,3020,2504,2808,2475,2322,2047,1473,913,569,411,257,37,10850,132,2310,21845,9245,21808,12485,315,79028,1018,24.586996425466136,-0.8660254037844385,-0.5000000000000004,0.416747174186069,0.49444498116124047,0.12585740508163462,0.08750362283837311,1.908704472997778,0.5267123949376872,0.30154091392136023,0.0076079605835185,0.0008936334653656652,0.26205197565452615,0.003188097768331562,20.81924451743793,18.814607284320356
56,Central Australia,2024,9,5,5,41404,17255,24149,20472,20932,2858,2788,2491,2720,3845,4262,3641,3020,2504,2808,2475,2322,2047,1473,913,569,411,257,37,10850,132,2310,21845,9245,21808,12485,315,79028,946,22.848034006376196,-1.0,-1.8369701987210297e-16,0.416747174186069,0.49444498116124047,0.12585740508163462,0.08750362283837311,1.908704472997778,0.5267123949376872,0.30154091392136023,0.0076079605835185,0.0008936334653656652,0.26205197565452615,0.003188097768331562,24.586996425466136,16.568447492995844
57,Central Australia,2024,10,6,5,41404,17255,24149,20472,20932,2858,2788,2491,2720,3845,4262,3641,3020,2504,2808,2475,2322,2047,1473,913,569,411,257,32,8872,54,2288,20434,8787,19934,11753,289,72443,794,19.17689112163076,-0.8660254037844386,0.5000000000000001,0.416747174186069,0.49444498116124047,0.12585740508163462,0.08750362283837311,1.7496618684185103,0.4814510675297073,0.2838614626606125,0.006980001932180466,0.0007728721862621969,0.21427881364119408,0.0013042218143174572,22.848034006376196,20.81924451743793
58,Central Australia,2024,11,6,5,41404,17255,24149,20472,20932,2858,2788,2491,2720,3845,4262,3641,3020,2504,2808,2475,2322,2047,1473,913,569,411,257,32,8872,54,2288,20434,8787,19934,11753,289,72443,1060,25.601391169935273,-0.5000000000000004,0.8660254037844384,0.416747174186069,0.49444498116124047,0.12585740508163462,0.08750362283837311,1.7496618684185103,0.4814510675297073,0.2838614626606125,0.006980001932180466,0.0007728721862621969,0.21427881364119408,0.0013042218143174572,19.17689112163076,24.586996425466136
59,Central Australia,2024,12,6,6,41404,17255,24149,20472,20932,2858,2788,2491,2720,3845,4262,3641,3020,2504,2808,2475,2322,2047,1473,913,569,411,257,32,8872,54,2288,20434,8787,19934,11753,289,72443,991,23.93488551830741,-2.4492935982947064e-16,1.0,0.416747174186069,0.49444498116124047,0.12585740508163462,0.08750362283837311,1.7496618684185103,0.4814510675297073,0.2838614626606125,0.006980001932180466,0.0007728721862621969,0.21427881364119408,0.0013042218143174572,25.601391169935273,22.848034006376196
60,Central Australia,2025,1,6,6,41956,17474,24482,20816,21140,2865,2832,2557,2719,3837,4274,3771,3119,2551,2793,2429,2381,2061,1495,932,623,429,288,34,6822,49,1694,14471,6207,16664,9297,295,55533,659,15.706931070645437,0.49999999999999994,0.8660254037844387,0.4164839355515302,0.49613881208885496,0.1257507865382782,0.0897845361807608,1.3236009152445418,0.3971779959958051,0.2215892840118219,0.007031175517208504,0.0008103727714748784,0.1625989131471065,0.001167890170654972,23.93488551830741,19.17689112163076
61,Central Australia,2025,2,5,5,41956,17474,24482,20816,21140,2865,2832,2557,2719,3837,4274,3771,3119,2551,2793,2429,2381,2061,1495,932,623,429,288,34,6822,49,1694,14471,6207,16664,9297,295,55533,611,14.562875393269138,0.8660254037844386,0.5000000000000001,0.4164839355515302,0.49613881208885496,0.1257507865382782,0.0897845361807608,1.3236009152445418,0.3971779959958051,0.2215892840118219,0.007031175517208504,0.0008103727714748784,0.1625989131471065,0.001167890170654972,15.706931070645437,25.601391169935273
62,Central Australia,2025,3,6,5,41956,17474,24482,20816,21140,2865,2832,2557,2719,3837,4274,3771,3119,2551,2793,2429,2381,2061,1495,932,623,429,288,34,6822,49,1694,14471,6207,16664,9297,295,55533,728,17.35151110687387,1.0,6.123233995736766e-17,0.4164839355515302,0.49613881208885496,0.1257507865382782,0.0897845361807608,1.3236009152445418,0.3971779959958051,0.2215892840118219,0.007031175517208504,0.0008103727714748784,0.1625989131471065,0.001167890170654972,14.562875393269138,23.93488551830741
63,Central Australia,2025,4,6,5,41956,17474,24482,20816,21140,2865,2832,2557,2719,3837,4274,3771,3119,2551,2793,2429,2381,2061,1495,932,623,429,288,60,9477,155,1810,18631,8569,20636,11414,285,71037,677,16.13595194966155,0.8660254037844387,-0.4999999999999998,0.4164839355515302,0.49613881208885496,0.1257507865382782,0.0897845361807608,1.6931308990370866,0.49184860329869384,0.27204690628277245,0.006792830584421775,0.0014300695967203738,0.22587949280198302,0.0036943464581942987,17.35151110687387,15.706931070645437
64,Central Australia,2025,5,5,4,41956,17474,24482,20816,21140,2865,2832,2557,2719,3837,4274,3771,3119,2551,2793,2429,2381,2061,1495,932,623,429,288,60,9477,155,1810,18631,8569,20636,11414,285,71037,740,17.637525026217943,0.49999999999999994,-0.8660254037844387,0.4164839355515302,0.49613881208885496,0.1257507865382782,0.0897845361807608,1.6931308990370866,0.49184860329869384,0.27204690628277245,0.006792830584421775,0.0014300695967203738,0.22587949280198302,0.0036943464581942987,16.13595194966155,14.562875393269138
65,Central Australia,2025,6,6,6,41956,17474,24482,20816,21140,2865,2832,2557,2719,3837,4274,3771,3119,2551,2793,2429,2381,2061,1495,932,623,429,288,60,9477,155,1810,18631,8569,20636,11414,285,71037,637,15.182572218514634,1.2246467991473532e-16,-1.0,0.4164839355515302,0.49613881208885496,0.1257507865382782,0.0897845361807608,1.6931308990370866,0.49184860329869384,0.27204690628277245,0.006792830584421775,0.0014300695967203738,0.22587949280198302,0.0036943464581942987,17.637525026217943,17.35151110687387
66,Central Australia,2025,7,6,6,41956,17474,24482,20816,21140,2865,2832,2557,2719,3837,4274,3771,3119,2551,2793,2429,2381,2061,1495,932,623,429,288,37,10850,132,2310,21845,9245,21808,12485,315,79028,784,18.68624273047955,-0.4999999999999997,-0.8660254037844388,0.4164839355515302,0.49613881208885496,0.1257507865382782,0.0897845361807608,1.8835923348269616,0.5197826294212985,0.2975736485842311,0.007507865382781962,0.0008818762513108971,0.25860425207360094,0.0031461531127848223,15.182572218514634,16.13595194966155
67,Central Australia,2025,8,6,5,41956,17474,24482,20816,21140,2865,2832,2557,2719,3837,4274,3771,3119,2551,2793,2429,2381,2061,1495,932,623,429,288,37,10850,132,2310,21845,9245,21808,12485,315,79028,565,13.466488702450185,-0.8660254037844385,-0.5000000000000004,0.4164839355515302,0.49613881208885496,0.1257507865382782,0.0897845361807608,1.8835923348269616,0.5197826294212985,0.2975736485842311,0.007507865382781962,0.0008818762513108971,0.25860425207360094,0.0031461531127848223,18.68624273047955,17.637525026217943
68,Central Australia,2025,9,6,5,41956,17474,24482,20816,21140,2865,2832,2557,2719,3837,4274,3771,3119,2551,2793,2429,2381,2061,1495,932,623,429,288,37,10850,132,2310,21845,9245,21808,12485,315,79028,565,13.466488702450185,-1.0,-1.8369701987210297e-16,0.4164839355515302,0.49613881208885496,0.1257507865382782,0.0897845361807608,1.8835923348269616,0.5197826294212985,0.2975736485842311,0.007507865382781962,0.0008818762513108971,0.25860425207360094,0.0031461531127848223,13.466488702450185,15.182572218514634
69,Central Australia,2025,10,6,5,41956,17474,24482,20816,21140,2865,2832,2557,2719,3837,4274,3771,3119,2551,2793,2429,2381,2061,1495,932,623,429,288,32,8872,54,2288,20434,8787,19934,11753,289,72443,607,14.467537420154446,-0.8660254037844386,0.5000000000000001,0.4164839355515302,0.49613881208885496,0.1257507865382782,0.0897845361807608,1.7266421965869005,0.4751167890170655,0.2801267995042425,0.006888168557536467,0.0007627037849175327,0.21145962436838592,0.0012870626370483365,13.466488702450185,18.68624273047955
70,Central Australia,2025,11,6,5,41956,17474,24482,20816,21140,2865,2832,2557,2719,3837,4274,3771,3119,2551,2793,2429,2381,2061,1495,932,623,429,288,32,8872,54,2288,20434,8787,19934,11753,289,72443,649,15.468586137858708,-0.5000000000000004,0.8660254037844384,0.4164839355515302,0.49613881208885496,0.1257507865382782,0.0897845361807608,1.7266421965869005,0.4751167890170655,0.2801267995042425,0.006888168557536467,0.0007627037849175327,0.21145962436838592,0.0012870626370483365,14.467537420154446,13.466488702450185
71,Central Australia,2025,12,6,6,41956,17474,24482,20816,21140,2865,2832,2557,2719,3837,4274,3771,3119,2551,2793,2429,2381,2061,1495,932,623,429,288,32,8872,54,2288,20434,8787,19934,11753,289,72443,575,13.704833635236914,-2.4492935982947064e-16,1.0,0.4164839355515302,0.49613881208885496,0.1257507865382782,0.0897845361807608,1.7266421965869005,0.4751167890170655,0.2801267995042425,0.006888168557536467,0.0007627037849175327,0.21145962436838592,0.0012870626370483365,15.468586137858708,13.466488702450185
72,East Arnhem,2024,1,4,5,15176,10563,4613,7640,7536,1113,1268,1377,1309,1287,1448,1423,1154,943,1234,803,700,532,312,154,77,29,13,14,1007,29,238,2153,1434,3463,1586,56,9980,166,10.938323668950977,0.49999999999999994,0.8660254037844387,0.6960332103321033,0.503426462836057,0.17698998418555614,0.03854770690564049,0.6576172904586188,0.22818924617817607,0.10450711649973643,0.0036900369003690036,0.0009225092250922509,0.06635477069056404,0.0019109119662625198,,
73,East Arnhem,2024,2,4,4,15176,10563,4613,7640,7536,1113,1268,1377,1309,1287,1448,1423,1154,943,1234,803,700,532,312,154,77,29,13,14,1007,29,238,2153,1434,3463,1586,56,9980,126,8.302583025830259,0.8660254037844386,0.5000000000000001,0.6960332103321033,0.503426462836057,0.17698998418555614,0.03854770690564049,0.6576172904586188,0.22818924617817607,0.10450711649973643,0.0036900369003690036,0.0009225092250922509,0.06635477069056404,0.0019109119662625198,10.938323668950977,
74,East Arnhem,2024,3,2,3,15176,10563,4613,7640,7536,1113,1268,1377,1309,1287,1448,1423,1154,943,1234,803,700,532,312,154,77,29,13,14,1007,29,238,2153,1434,3463,1586,56,9980,138,9.093305218766472,1.0,6.123233995736766e-17,0.6960332103321033,0.503426462836057,0.17698998418555614,0.03854770690564049,0.6576172904586188,0.22818924617817607,0.10450711649973643,0.0036900369003690036,0.0009225092250922509,0.06635477069056404,0.0019109119662625198,8.302583025830259,
75,East Arnhem,2024,4,3,3,15176,10563,4613,7640,7536,1113,1268,1377,1309,1287,1448,1423,1154,943,1234,803,700,532,312,154,77,29,13,67,1499,48,378,2787,1826,4397,2519,60,13581,156,10.279388508170795,0.8660254037844387,-0.4999999999999998,0.6960332103321033,0.503426462836057,0.17698998418555614,0.03854770690564049,0.8948998418555614,0.2897337901950448,0.16598576700052714,0.003953610964681075,0.0044148655772272005,0.09877438060094887,0.0031628887717448603,9.093305218766472,10.938323668950977
76,East Arnhem,2024,5,3,4,15176,10563,4613,7640,7536,1113,1268,1377,1309,1287,1448,1423,1154,943,1234,803,700,532,312,154,77,29,13,67,1499,48,378,2787,1826,4397,2519,60,13581,95,6.259884027411703,0.49999999999999994,-0.8660254037844387,0.6960332103321033,0.503426462836057,0.17698998418555614,0.03854770690564049,0.8948998418555614,0.2897337901950448,0.16598576700052714,0.003953610964681075,0.0044148655772272005,0.09877438060094887,0.0031628887717448603,10.279388508170795,8.302583025830259
77,East Arnhem,2024,6,3,3,15176,10563,4613,7640,7536,1113,1268,1377,1309,1287,1448,1423,1154,943,1234,803,700,532,312,154,77,29,13,67,1499,48,378,2787,1826,4397,2519,60,13581,126,8.302583025830259,1.2246467991473532e-16,-1.0,0.6960332103321033,0.503426462836057,0.17698998418555614,0.03854770690564049,0.8948998418555614,0.2897337901950448,0.16598576700052714,0.003953610964681075,0.0044148655772272005,0.09877438060094887,0.0031628887717448603,6.259884027411703,9.093305218766472
78,East Arnhem,2024,7,2,3,15176,10563,4613,7640,7536,1113,1268,1377,1309,1287,1448,1423,1154,943,1234,803,700,532,312,154,77,29,13,41,1939,51,419,2834,1970,5347,2967,68,15637,140,9.22509225092251,-0.4999999999999997,-0.8660254037844388,0.6960332103321033,0.503426462836057,0.17698998418555614,0.03854770690564049,1.0303769109119663,0.35233263046916186,0.1955060622034792,0.0044807590933052185,0.002701634159198735,0.12776752767527674,0.003360569319978914,8.302583025830259,10.279388508170795
79,East Arnhem,2024,8,2,3,15176,10563,4613,7640,7536,1113,1268,1377,1309,1287,1448,1423,1154,943,1234,803,700,532,312,154,77,29,13,41,1939,51,419,2834,1970,5347,2967,68,15637,154,10.14760147601476,-0.8660254037844385,-0.5000000000000004,0.6960332103321033,0.503426462836057,0.17698998418555614,0.03854770690564049,1.0303769109119663,0.35233263046916186,0.1955060622034792,0.0044807590933052185,0.002701634159198735,0.12776752767527674,0.003360569319978914,9.22509225092251,6.259884027411703
80,East Arnhem,2024,9,2,3,15176,10563,4613,7640,7536,1113,1268,1377,1309,1287,1448,1423,1154,943,1234,803,700,532,312,154,77,29,13,41,1939,51,419,2834,1970,5347,2967,68,15637,133,8.763837638376383,-1.0,-1.8369701987210297e-16,0.6960332103321033,0.503426462836057,0.17698998418555614,0.03854770690564049,1.0303769109119663,0.35233263046916186,0.1955060622034792,0.0044807590933052185,0.002701634159198735,0.12776752767527674,0.003360569319978914,10.14760147601476,8.302583025830259
81,East Arnhem,2024,10,3,4,15176,10563,4613,7640,7536,1113,1268,1377,1309,1287,1448,1423,1154,943,1234,803,700,532,312,154,77,29,13,33,1191,26,363,3129,2002,4335,2628,79,13786,99,6.523458091723775,-0.8660254037844386,0.5000000000000001,0.6960332103321033,0.503426462836057,0.17698998418555614,0.03854770690564049,0.9084080126515551,0.2856483921982077,0.1731681602530311,0.005205587770163416,0.0021744860305745912,0.07847917764891935,0.001713231418028466,8.763837638376383,9.22509225092251
82,East Arnhem,2024,11,4,4,15176,10563,4613,7640,7536,1113,1268,1377,1309,1287,1448,1423,1154,943,1234,803,700,532,312,154,77,29,13,33,1191,26,363,3129,2002,4335,2628,79,13786,138,9.093305218766472,-0.5000000000000004,0.8660254037844384,0.6960332103321033,0.503426462836057,0.17698998418555614,0.03854770690564049,0.9084080126515551,0.2856483921982077,0.1731681602530311,0.005205587770163416,0.0021744860305745912,0.07847917764891935,0.001713231418028466,6.523458091723775,10.14760147601476
83,East Arnhem,2024,12,3,4,15176,10563,4613,7640,7536,1113,1268,1377,1309,1287,1448,1423,1154,943,1234,803,700,532,312,154,77,29,13,33,1191,26,363,3129,2002,4335,2628,79,13786,117,7.709541381128097,-2.4492935982947064e-16,1.0,0.6960332103321033,0.503426462836057,0.17698998418555614,0.03854770690564049,0.9084080126515551,0.2856483921982077,0.1731681602530311,0.005205587770163416,0.0021744860305745912,0.07847917764891935,0.001713231418028466,9.093305218766472,8.763837638376383
84,East Arnhem,2025,1,3,4,15353,10684,4669,7754,7599,1113,1286,1417,1309,1284,1452,1471,1191,959,1225,789,719,534,317,157,86,31,13,6,1101,44,291,1839,1070,3179,1787,60,9376,166,10.812219110271608,0.49999999999999994,0.8660254037844387,0.6958900540610955,0.5050478733797955,0.17755487526867714,0.0393408454373738,0.6106949781801603,0.20706050934670747,0.11639419006057448,0.003908031003712629,0.00039080310037126296,0.07171236891812675,0.002865889402722595,7.709541381128097,6.523458091723775
85,East Arnhem,2025,2,2,4,15353,10684,4669,7754,7599,1113,1286,1417,1309,1284,1452,1471,1191,959,1225,789,719,534,317,157,86,31,13,6,1101,44,291,1839,1070,3179,1787,60,9376,145,9.444408258972187,0.8660254037844386,0.5000000000000001,0.6958900540610955,0.5050478733797955,0.17755487526867714,0.0393408454373738,0.6106949781801603,0.20706050934670747,0.11639419006057448,0.003908031003712629,0.00039080310037126296,0.07171236891812675,0.002865889402722595,10.812219110271608,9.093305218766472
86,East Arnhem,2025,3,3,4,15353,10684,4669,7754,7599,1113,1286,1417,1309,1284,1452,1471,1191,959,1225,789,719,534,317,157,86,31,13,6,1101,44,291,1839,1070,3179,1787,60,9376,165,10.747085260209731,1.0,6.123233995736766e-17,0.6958900540610955,0.5050478733797955,0.17755487526867714,0.0393408454373738,0.6106949781801603,0.20706050934670747,0.11639419006057448,0.003908031003712629,0.00039080310037126296,0.07171236891812675,0.002865889402722595,9.444408258972187,7.709541381128097
87,East Arnhem,2025,4,3,3,15353,10684,4669,7754,7599,1113,1286,1417,1309,1284,1452,1471,1191,959,1225,789,719,534,317,157,86,31,13,30,1347,36,361,2173,1736,4135,2218,41,12077,155,10.09574675959096,0.8660254037844387,-0.4999999999999998,0.6958900540610955,0.5050478733797955,0.17755487526867714,0.0393408454373738,0.7866215071972904,0.269328470005862,0.14446687943724354,0.0026704878525369634,0.0019540155018563147,0.08773529603334854,0.0023448186022275775,10.747085260209731,10.812219110271608
88,East Arnhem,2025,5,4,3,15353,10684,4669,7754,7599,1113,1286,1417,1309,1284,1452,1471,1191,959,1225,789,719,534,317,157,86,31,13,30,1347,36,361,2173,1736,4135,2218,41,12077,124,8.076597407672768,0.49999999999999994,-0.8660254037844387,0.6958900540610955,0.5050478733797955,0.17755487526867714,0.0393408454373738,0.7866215071972904,0.269328470005862,0.14446687943724354,0.0026704878525369634,0.0019540155018563147,0.08773529603334854,0.0023448186022275775,10.09574675959096,9.444408258972187
89,East Arnhem,2025,6,2,4,15353,10684,4669,7754,7599,1113,1286,1417,1309,1284,1452,1471,1191,959,1225,789,719,534,317,157,86,31,13,30,1347,36,361,2173,1736,4135,2218,41,12077,70,4.559369504331401,1.2246467991473532e-16,-1.0,0.6958900540610955,0.5050478733797955,0.17755487526867714,0.0393408454373738,0.7866215071972904,0.269328470005862,0.14446687943724354,0.0026704878525369634,0.0019540155018563147,0.08773529603334854,0.0023448186022275775,8.076597407672768,10.747085260209731
90,East Arnhem,2025,7,1,3,15353,10684,4669,7754,7599,1113,1286,1417,1309,1284,1452,1471,1191,959,1225,789,719,534,317,157,86,31,13,41,1939,51,419,2834,1970,5347,2967,68,15637,87,5.666644955383313,-0.4999999999999997,-0.8660254037844388,0.6958900540610955,0.5050478733797955,0.17755487526867714,0.0393408454373738,1.0184980134175732,0.34827069628085716,0.19325213313358952,0.004429101804207647,0.0026704878525369634,0.1262945352699798,0.003321826353155735,4.559369504331401,10.09574675959096
91,East Arnhem,2025,8,3,4,15353,10684,4669,7754,7599,1113,1286,1417,1309,1284,1452,1471,1191,959,1225,789,719,534,317,157,86,31,13,41,1939,51,419,2834,1970,5347,2967,68,15637,97,6.317983456002084,-0.8660254037844385,-0.5000000000000004,0.6958900540610955,0.5050478733797955,0.17755487526867714,0.0393408454373738,1.0184980134175732,0.34827069628085716,0.19325213313358952,0.004429101804207647,0.0026704878525369634,0.1262945352699798,0.003321826353155735,5.666644955383313,8.076597407672768
92,East Arnhem,2025,9,4,2,15353,10684,4669,7754,7599,1113,1286,1417,1309,1284,1452,1471,1191,959,1225,789,719,534,317,157,86,31,13,41,1939,51,419,2834,1970,5347,2967,68,15637,102,6.64365270631147,-1.0,-1.8369701987210297e-16,0.6958900540610955,0.5050478733797955,0.17755487526867714,0.0393408454373738,1.0184980134175732,0.34827069628085716,0.19325213313358952,0.004429101804207647,0.0026704878525369634,0.1262945352699798,0.003321826353155735,6.317983456002084,4.559369504331401
93,East Arnhem,2025,10,4,4,15353,10684,4669,7754,7599,1113,1286,1417,1309,1284,1452,1471,1191,959,1225,789,719,534,317,157,86,31,13,33,1191,26,363,3129,2002,4335,2628,79,13786,119,7.750928157363382,-0.8660254037844386,0.5000000000000001,0.6958900540610955,0.5050478733797955,0.17755487526867714,0.0393408454373738,0.8979352569530384,0.2823552400182375,0.17117175796261316,0.005145574154888296,0.002149417052041946,0.0775744154236957,0.001693480101608806,6.64365270631147,5.666644955383313
94,East Arnhem,2025,11,4,4,15353,10684,4669,7754,7599,1113,1286,1417,1309,1284,1452,1471,1191,959,1225,789,719,534,317,157,86,31,13,33,1191,26,363,3129,2002,4335,2628,79,13786,146,9.509542109034065,-0.5000000000000004,0.8660254037844384,0.6958900540610955,0.5050478733797955,0.17755487526867714,0.0393408454373738,0.8979352569530384,0.2823552400182375,0.17117175796261316,0.005145574154888296,0.002149417052041946,0.0775744154236957,0.001693480101608806,7.750928157363382,6.317983456002084
95,East Arnhem,2025,12,5,4,15353,10684,4669,7754,7599,1113,1286,1417,1309,1284,1452,1471,1191,959,1225,789,719,534,317,157,86,31,13,33,1191,26,363,3129,2002,4335,2628,79,13786,111,7.229857356868365,-2.4492935982947064e-16,1.0,0.6958900540610955,0.5050478733797955,0.17755487526867714,0.0393408454373738,0.8979352569530384,0.2823552400182375,0.17117175796261316,0.005145574154888296,0.002149417052041946,0.0775744154236957,0.001693480101608806,9.509542109034065,6.64365270631147
96,Top End,2024,1,2,3,18248,13424,4824,9335,8913,1111,1489,1526,1443,1657,1511,1387,1205,1071,1450,1166,949,841,678,420,229,95,20,1120,8556,210,3061,16346,12281,27191,31586,1092,101443,236,12.932924156071898,0.49999999999999994,0.8660254037844387,0.7356422621657168,0.5115629110039457,0.16270276194651467,0.0790223586146427,5.55912976764577,1.4900811047786058,1.7309294169224025,0.059842174484875055,0.06137658921525647,0.46887330118369136,0.011508110477860588,,
97,Top End,2024,2,3,3,18248,13424,4824,9335,8913,1111,1489,1526,1443,1657,1511,1387,1205,1071,1450,1166,949,841,678,420,229,95,20,1120,8556,210,3061,16346,12281,27191,31586,1092,101443,220,12.05611573871109,0.8660254037844386,0.5000000000000001,0.7356422621657168,0.5115629110039457,0.16270276194651467,0.0790223586146427,5.55912976764577,1.4900811047786058,1.7309294169224025,0.059842174484875055,0.06137658921525647,0.46887330118369136,0.011508110477860588,12.932924156071898,
98,Top End,2024,3,4,4,18248,13424,4824,9335,8913,1111,1489,1526,1443,1657,1511,1387,1205,1071,1450,1166,949,841,678,420,229,95,20,1120,8556,210,3061,16346,12281,27191,31586,1092,101443,171,9.37088996054362,1.0,6.123233995736766e-17,0.7356422621657168,0.5115629110039457,0.16270276194651467,0.0790223586146427,5.55912976764577,1.4900811047786058,1.7309294169224025,0.059842174484875055,0.06137658921525647,0.46887330118369136,0.011508110477860588,12.05611573871109,
99,Top End,2024,4,4,4,18248,13424,4824,9335,8913,1111,1489,1526,1443,1657,1511,1387,1205,1071,1450,1166,949,841,678,420,229,95,20,1293,12676,287,3826,21221,16656,36105,42295,1195,135555,206,11.288908373520385,0.8660254037844387,-0.4999999999999998,0.7356422621657168,0.5115629110039457,0.16270276194651467,0.0790223586146427,7.428485313459009,1.9785729943007453,2.317788250767207,0.06548662867163525,0.07085708022797019,0.6946514686540991,0.01572775098640947,9.37088996054362,12.932924156071898
100,Top End,2024,5,4,4,18248,13424,4824,9335,8913,1111,1489,1526,1443,1657,1511,1387,1205,1071,1450,1166,949,841,678,420,229,95,20,1293,12676,287,3826,21221,16656,36105,42295,1195,135555,219,12.001315212626041,0.49999999999999994,-0.8660254037844387,0.7356422621657168,0.5115629110039457,0.16270276194651467,0.0790223586146427,7.428485313459009,1.9785729943007453,2.317788250767207,0.06548662867163525,0.07085708022797019,0.6946514686540991,0.01572775098640947,11.288908373520385,12.05611573871109
101,Top End,2024,6,3,5,18248,13424,4824,9335,8913,1111,1489,1526,1443,1657,1511,1387,1205,1071,1450,1166,949,841,678,420,229,95,20,1293,12676,287,3826,21221,16656,36105,42295,1195,135555,219,12.001315212626041,1.2246467991473532e-16,-1.0,0.7356422621657168,0.5115629110039457,0.16270276194651467,0.0790223586146427,7.428485313459009,1.9785729943007453,2.317788250767207,0.06548662867163525,0.07085708022797019,0.6946514686540991,0.01572775098640947,12.001315212626041,9.37088996054362
102,Top End,2024,7,5,4,18248,13424,4824,9335,8913,1111,1489,1526,1443,1657,1511,1387,1205,1071,1450,1166,949,841,678,420,229,95,20,1639,14986,436,4177,24562,19855,39286,49816,1444,156201,210,11.508110477860589,-0.4999999999999997,-0.8660254037844388,0.7356422621657168,0.5115629110039457,0.16270276194651467,0.0790223586146427,8.55989697501096,2.152893467777291,2.7299430074528717,0.0791319596668128,0.08981806225339763,0.8212406839105656,0.02389302937308198,12.001315212626041,11.288908373520385
103,Top End,2024,8,6,5,18248,13424,4824,9335,8913,1111,1489,1526,1443,1657,1511,1387,1205,1071,1450,1166,949,841,678,420,229,95,20,1639,14986,436,4177,24562,19855,39286,49816,1444,156201,210,11.508110477860589,-0.8660254037844385,-0.5000000000000004,0.7356422621657168,0.5115629110039457,0.16270276194651467,0.0790223586146427,8.55989697501096,2.152893467777291,2.7299430074528717,0.0791319596668128,0.08981806225339763,0.8212406839105656,0.02389302937308198,11.508110477860589,12.001315212626041
104,Top End,2024,9,4,4,18248,13424,4824,9335,8913,1111,1489,1526,1443,1657,1511,1387,1205,1071,1450,1166,949,841,678,420,229,95,20,1639,14986,436,4177,24562,19855,39286,49816,1444,156201,268,14.68654099079351,-1.0,-1.8369701987210297e-16,0.7356422621657168,0.5115629110039457,0.16270276194651467,0.0790223586146427,8.55989697501096,2.152893467777291,2.7299430074528717,0.0791319596668128,0.08981806225339763,0.8212406839105656,0.02389302937308198,11.508110477860589,12.001315212626041
105,Top End,2024,10,6,5,18248,13424,4824,9335,8913,1111,1489,1526,1443,1657,1511,1387,1205,1071,1450,1166,949,841,678,420,229,95,20,1219,9405,310,3476,24501,16900,29710,45162,1322,132005,257,14.083735203857957,-0.8660254037844386,0.5000000000000001,0.7356422621657168,0.5115629110039457,0.16270276194651467,0.0790223586146427,7.23394344585708,1.6281236299868478,2.474901359053047,0.07244629548443665,0.06680184129767645,0.5153989478298991,0.01698816308636563,14.68654099079351,11.508110477860589
106,Top End,2024,11,5,4,18248,13424,4824,9335,8913,1111,1489,1526,1443,1657,1511,1387,1205,1071,1450,1166,949,841,678,420,229,95,20,1219,9405,310,3476,24501,16900,29710,45162,1322,132005,252,13.809732573432706,-0.5000000000000004,0.8660254037844384,0.7356422621657168,0.5115629110039457,0.16270276194651467,0.0790223586146427,7.23394344585708,1.6281236299868478,2.474901359053047,0.07244629548443665,0.06680184129767645,0.5153989478298991,0.01698816308636563,14.083735203857957,11.508110477860589
107,Top End,2024,12,6,5,18248,13424,4824,9335,8913,1111,1489,1526,1443,1657,1511,1387,1205,1071,1450,1166,949,841,678,420,229,95,20,1219,9405,310,3476,24501,16900,29710,45162,1322,132005,256,14.028934677772908,-2.4492935982947064e-16,1.0,0.7356422621657168,0.5115629110039457,0.16270276194651467,0.0790223586146427,7.23394344585708,1.6281236299868478,2.474901359053047,0.07244629548443665,0.06680184129767645,0.5153989478298991,0.01698816308636563,13.809732573432706,14.68654099079351
108,Top End,2025,1,5,5,18461,13568,4893,9483,8978,1111,1512,1568,1441,1655,1514,1433,1244,1090,1441,1144,974,847,688,428,249,99,23,1007,8224,222,2701,16551,12106,22923,31490,1067,96291,305,16.521315205026813,0.49999999999999994,0.8660254037844387,0.7349547695141109,0.5136774822598993,0.16299225394073993,0.08054818265532744,5.2159146308433995,1.2416987162125561,1.7057580846108011,0.057797519094306915,0.05454742429987541,0.44547965982341153,0.012025350739396565,14.028934677772908,14.083735203857957
109,Top End,2025,2,2,3,18461,13568,4893,9483,8978,1111,1512,1568,1441,1655,1514,1433,1244,1090,1441,1144,974,847,688,428,249,99,23,1007,8224,222,2701,16551,12106,22923,31490,1067,96291,241,13.054547424299876,0.8660254037844386,0.5000000000000001,0.7349547695141109,0.5136774822598993,0.16299225394073993,0.08054818265532744,5.2159146308433995,1.2416987162125561,1.7057580846108011,0.057797519094306915,0.05454742429987541,0.44547965982341153,0.012025350739396565,16.521315205026813,13.809732573432706
110,Top End,2025,3,5,5,18461,13568,4893,9483,8978,1111,1512,1568,1441,1655,1514,1433,1244,1090,1441,1144,974,847,688,428,249,99,23,1007,8224,222,2701,16551,12106,22923,31490,1067,96291,262,14.1920806023509,1.0,6.123233995736766e-17,0.7349547695141109,0.5136774822598993,0.16299225394073993,0.08054818265532744,5.2159146308433995,1.2416987162125561,1.7057580846108011,0.057797519094306915,0.05454742429987541,0.44547965982341153,0.012025350739396565,13.054547424299876,14.028934677772908
111,Top End,2025,4,5,5,18461,13568,4893,9483,8978,1111,1512,1568,1441,1655,1514,1433,1244,1090,1441,1144,974,847,688,428,249,99,23,1564,12126,487,3360,20503,16817,32600,42411,1152,131020,244,13.217052164021451,0.8660254037844387,-0.4999999999999998,0.7349547695141109,0.5136774822598993,0.16299225394073993,0.08054818265532744,7.097123666106928,1.7658848383077839,2.297329505443909,0.06240182005308488,0.08471913764151455,0.656844157954607,0.026379936081469043,14.1920806023509,16.521315205026813
112,Top End,2025,5,5,4,18461,13568,4893,9483,8978,1111,1512,1568,1441,1655,1514,1433,1244,1090,1441,1144,974,847,688,428,249,99,23,1564,12126,487,3360,20503,16817,32600,42411,1152,131020,242,13.108715670873734,0.49999999999999994,-0.8660254037844387,0.7349547695141109,0.5136774822598993,0.16299225394073993,0.08054818265532744,7.097123666106928,1.7658848383077839,2.297329505443909,0.06240182005308488,0.08471913764151455,0.656844157954607,0.026379936081469043,13.217052164021451,13.054547424299876
113,Top End,2025,6,3,3,18461,13568,4893,9483,8978,1111,1512,1568,1441,1655,1514,1433,1244,1090,1441,1144,974,847,688,428,249,99,23,1564,12126,487,3360,20503,16817,32600,42411,1152,131020,234,12.675369698282866,1.2246467991473532e-16,-1.0,0.7349547695141109,0.5136774822598993,0.16299225394073993,0.08054818265532744,7.097123666106928,1.7658848383077839,2.297329505443909,0.06240182005308488,0.08471913764151455,0.656844157954607,0.026379936081469043,13.108715670873734,14.1920806023509
114,Top End,2025,7,5,6,18461,13568,4893,9483,8978,1111,1512,1568,1441,1655,1514,1433,1244,1090,1441,1144,974,847,688,428,249,99,23,1639,14986,436,4177,24562,19855,39286,49816,1444,156201,187,10.129462109311522,-0.4999999999999997,-0.8660254037844388,0.7349547695141109,0.5136774822598993,0.16299225394073993,0.08054818265532744,8.461134283083256,2.1280537349006012,2.6984453713233303,0.07821894805265153,0.08878175613455393,0.811765343155842,0.023617355506202264,12.675369698282866,13.217052164021451
115,Top End,2025,8,6,5,18461,13568,4893,9483,8978,1111,1512,1568,1441,1655,1514,1433,1244,1090,1441,1144,974,847,688,428,249,99,23,1639,14986,436,4177,24562,19855,39286,49816,1444,156201,183,9.912789123016088,-0.8660254037844385,-0.5000000000000004,0.7349547695141109,0.5136774822598993,0.16299225394073993,0.08054818265532744,8.461134283083256,2.1280537349006012,2.6984453713233303,0.07821894805265153,0.08878175613455393,0.811765343155842,0.023617355506202264,10.129462109311522,13.108715670873734
116,Top End,2025,9,4,5,18461,13568,4893,9483,8978,1111,1512,1568,1441,1655,1514,1433,1244,1090,1441,1144,974,847,688,428,249,99,23,1639,14986,436,4177,24562,19855,39286,49816,1444,156201,244,13.217052164021451,-1.0,-1.8369701987210297e-16,0.7349547695141109,0.5136774822598993,0.16299225394073993,0.08054818265532744,8.461134283083256,2.1280537349006012,2.6984453713233303,0.07821894805265153,0.08878175613455393,0.811765343155842,0.023617355506202264,9.912789123016088,12.675369698282866
117,Top End,2025,10,5,6,18461,13568,4893,9483,8978,1111,1512,1568,1441,1655,1514,1433,1244,1090,1441,1144,974,847,688,428,249,99,23,1219,9405,310,3476,24501,16900,29710,45162,1322,132005,298,16.142137479009804,-0.8660254037844386,0.5000000000000001,0.7349547695141109,0.5136774822598993,0.16299225394073993,0.08054818265532744,7.150479388982179,1.6093386057093333,2.446346351768593,0.07161042197064081,0.0660310925735334,0.5094523590271383,0.016792156437896104,13.217052164021451,10.129462109311522
118,Top End,2025,11,6,5,18461,13568,4893,9483,8978,1111,1512,1568,1441,1655,1514,1433,1244,1090,1441,1144,974,847,688,428,249,99,23,1219,9405,310,3476,24501,16900,29710,45162,1322,132005,227,12.296191972265857,-0.5000000000000004,0.8660254037844384,0.7349547695141109,0.5136774822598993,0.16299225394073993,0.08054818265532744,7.150479388982179,1.6093386057093333,2.446346351768593,0.07161042197064081,0.0660310925735334,0.5094523590271383,0.016792156437896104,16.142137479009804,9.912789123016088
119,Top End,2025,12,5,6,18461,13568,4893,9483,8978,1111,1512,1568,1441,1655,1514,1433,1244,1090,1441,1144,974,847,688,428,249,99,23,1219,9405,310,3476,24501,16900,29710,45162,1322,132005,230,12.458696711987432,-2.4492935982947064e-16,1.0,0.7349547695141109,0.5136774822598993,0.16299225394073993,0.08054818265532744,7.150479388982179,1.6093386057093333,2.446346351768593,0.07161042197064081,0.0660310925735334,0.5094523590271383,0.016792156437896104,12.296191972265857,13.217052164021451
